section	theme	fr	pos	en	zh	note	exemple
EO1	自我介绍	Je m'appelle… et je viens de…	expr.	My name is… and I come from…	我叫……，我来自……	Tâche 1 开口第一句，务必脱口而出	Je m'appelle Jian et je viens de Chine.
EO1	自我介绍	Je suis originaire de	expr.	I am originally from	我原籍是……	比 je viens de 更地道	Je suis originaire de la région de Shanghai.
EO1	自我介绍	Cela fait … que	expr.	It has been … since	已经……了	时间表达高分句型，后接现在时	Cela fait cinq ans que je travaille dans ce domaine.
EO1	自我介绍	Je travaille en tant que	expr.	I work as	我做……工作	en tant que 后不加冠词	Je travaille en tant qu'ingénieur.
EO1	自我介绍	Je suis passionné(e) par	expr.	I am passionate about	我热衷于	介词是 par	Je suis passionné par la photographie.
EO1	自我介绍	Ce qui me plaît le plus, c'est	expr.	What I like most is	我最喜欢的是	强调结构，考官爱听	Ce qui me plaît le plus, c'est le contact humain.
EO1	自我介绍	dans mon temps libre	loc.	in my free time	在我空闲时间	万能过渡	Dans mon temps libre, je fais du vélo.
EO1	自我介绍	avoir l'habitude de	expr.	to be used to	习惯于	后接动词原形	J'ai l'habitude de me lever tôt.
EO1	自我介绍	depuis mon arrivée	loc.	since my arrival	自从我到这里	移民话题高频	Depuis mon arrivée, j'ai beaucoup appris.
EO1	自我介绍	mon projet, c'est de	expr.	my plan is to	我的计划是	谈未来	Mon projet, c'est de m'installer au Québec.
EO1	自我介绍	avoir envie de	expr.	to feel like / to want to	想要	口语常用，胜过 vouloir	J'ai envie de découvrir une nouvelle culture.
EO1	自我介绍	Pour répondre à votre question	expr.	To answer your question	回答您的问题	争取思考时间的缓冲句	Pour répondre à votre question, je dirais que oui.
EO1	自我介绍	Si je comprends bien	expr.	If I understand correctly	如果我没理解错	没听清时的救命句	Si je comprends bien, vous voulez savoir pourquoi ?
EO1	自我介绍	Pourriez-vous répéter, s'il vous plaît ?	expr.	Could you repeat that, please?	能请您重复一遍吗	没听懂时用，不扣分反而显得自然	Excusez-moi, pourriez-vous répéter, s'il vous plaît ?
EO2	提问-信息	Je voudrais avoir des renseignements sur	expr.	I would like information about	我想了解关于……的信息	Tâche 2 角色扮演开场必用	Je voudrais avoir des renseignements sur vos cours de français.
EO2	提问-信息	Est-ce que vous pourriez me dire…	expr.	Could you tell me…	您能告诉我……吗	礼貌提问万能框架	Est-ce que vous pourriez me dire combien ça coûte ?
EO2	提问-信息	J'aimerais savoir si	expr.	I would like to know whether	我想知道是否	后接直陈式	J'aimerais savoir si le logement est meublé.
EO2	提问-信息	Quels sont les horaires ?	expr.	What are the opening hours?	营业时间是几点	Tâche 2 高频必问项	Quels sont les horaires d'ouverture ?
EO2	提问-信息	Combien ça coûte ? / Quel est le tarif ?	expr.	How much does it cost?	多少钱/费用是多少	tarif 更正式	Quel est le tarif mensuel ?
EO2	提问-信息	Est-ce qu'il y a des frais supplémentaires ?	expr.	Are there any extra charges?	有额外费用吗	租房购物高频	Est-ce qu'il y a des frais supplémentaires ?
EO2	提问-信息	Est-ce qu'il faut réserver à l'avance ?	expr.	Do I need to book in advance?	需要提前预约吗	服务场景高频	Est-ce qu'il faut réserver à l'avance ?
EO2	提问-信息	Qu'est-ce que vous me conseillez ?	expr.	What do you recommend?	您建议我怎么做	把球踢回给考官，拖时间且自然	Qu'est-ce que vous me conseillez dans mon cas ?
EO2	提问-信息	Y a-t-il une autre possibilité ?	expr.	Is there another option?	还有别的选择吗	推进对话	Y a-t-il une autre possibilité, si celle-ci ne convient pas ?
EO2	提议协商	Ça vous convient ? / Est-ce que ça vous irait ?	expr.	Does that work for you?	这样行吗	提议后确认，互动分关键	On se voit samedi, ça vous convient ?
EO2	提议协商	Je vous propose de	expr.	I suggest that we	我建议我们	后接动词原形	Je vous propose de commencer par une visite.
EO2	提议协商	Et si on…（+ 未完成过去时）	expr.	What if we…	我们要不要……	超地道提议句型	Et si on se retrouvait devant la station ?
EO2	提议协商	Ce serait possible de	expr.	Would it be possible to	有可能……吗	条件式礼貌请求	Ce serait possible de reporter le rendez-vous ?
EO2	提议协商	Ça ne vous dérange pas si	expr.	Do you mind if	您介意我……吗	礼貌程度高	Ça ne vous dérange pas si j'arrive un peu plus tard ?
EO2	提议协商	Je préférerais plutôt	expr.	I would rather	我更愿意	表达偏好，条件式	Je préférerais plutôt le matin.
EO2	提议协商	On pourrait peut-être	expr.	We could perhaps	我们也许可以	温和提议	On pourrait peut-être partager les frais.
EO2	提议协商	Ça marche ! / C'est entendu.	expr.	That works! / Agreed.	行/说定了	口语成交表达	Ça marche, à samedi alors !
EO2	接受拒绝	Volontiers ! / Avec plaisir !	expr.	Gladly! / With pleasure!	乐意之至	接受邀请的地道回答	Avec plaisir, je viendrai.
EO2	接受拒绝	Ça me convient parfaitement	expr.	That suits me perfectly	完全合适	接受提议	Ça me convient parfaitement.
EO2	接受拒绝	Je suis désolé(e), mais je ne peux pas	expr.	I am sorry, but I cannot	抱歉我不能	礼貌拒绝基本句	Je suis désolé, mais je ne peux pas ce jour-là.
EO2	接受拒绝	Malheureusement, j'ai déjà quelque chose de prévu	expr.	Unfortunately I already have plans	不巧我已有安排	万能拒绝理由	Malheureusement, j'ai déjà quelque chose de prévu.
EO2	接受拒绝	Ça m'arrangerait plutôt	expr.	It would suit me better	我更方便……	反提议	Ça m'arrangerait plutôt en fin de journée.
EO2	接受拒绝	Je vais y réfléchir	expr.	I will think about it	我考虑一下	不当场答应	Merci, je vais y réfléchir et je vous rappelle.
EO2	表达情绪	Ça m'embête un peu	expr.	That bothers me a bit	这让我有点困扰	温和抱怨	Ça m'embête un peu, ce bruit tous les soirs.
EO2	表达情绪	Je suis vraiment déçu(e)	expr.	I am really disappointed	我真的很失望	投诉场景	Je suis vraiment déçu de la qualité du service.
EO2	表达情绪	Je vous remercie infiniment	expr.	Thank you so much	万分感谢	高阶感谢	Je vous remercie infiniment de votre aide.
EO2	表达情绪	Ce n'est pas grave	expr.	It is not a big deal	没关系	接受道歉	Ce n'est pas grave, ça arrive.
EO2	表达情绪	Je comprends tout à fait	expr.	I completely understand	我完全理解	共情，互动加分	Je comprends tout à fait votre situation.
ARGU	引入话题	De nos jours	loc.	Nowadays	如今	Tâche 3 开场万能	De nos jours, le télétravail est très répandu.
ARGU	引入话题	Il est indéniable que	expr.	It is undeniable that	不可否认的是	开场高分句，后接直陈式	Il est indéniable que la technologie a changé nos habitudes.
ARGU	引入话题	La question de … fait débat	expr.	The issue of … is debated	……的问题引发争论	Tâche 3 引出议题	La question du logement fait débat depuis des années.
ARGU	引入话题	Ce sujet suscite de vives réactions	expr.	This topic provokes strong reactions	该话题引发强烈反响	高分开场	Ce sujet suscite de vives réactions dans la société.
ARGU	引入话题	Il convient de s'interroger sur	expr.	It is worth questioning	有必要思考	正式书面开场	Il convient de s'interroger sur les conséquences de cette mesure.
ARGU	表明立场	À mon avis / Selon moi	loc.	In my opinion	在我看来	基础表态，别重复用	À mon avis, cette solution est la meilleure.
ARGU	表明立场	Je suis convaincu(e) que	expr.	I am convinced that	我确信	比 je pense 有力	Je suis convaincu que cette réforme est nécessaire.
ARGU	表明立场	Personnellement, je pense que	expr.	Personally, I think that	我个人认为	口语过渡	Personnellement, je pense que les deux avis se complètent.
ARGU	表明立场	Je partage plutôt le point de vue de	expr.	I rather share the view of	我比较赞同……的观点	Tâche 3 第二部分核心句	Je partage plutôt le point de vue du deuxième auteur.
ARGU	表明立场	Je suis pour / contre	expr.	I am for / against	我支持/反对	简明表态	Je suis contre l'interdiction totale.
ARGU	表明立场	Il me semble que	expr.	It seems to me that	我觉得	肯定形式后接直陈式	Il me semble que cette approche est plus réaliste.
ARGU	表明立场	Je ne suis pas tout à fait d'accord	expr.	I do not entirely agree	我不完全同意	有保留的反对，显成熟	Je ne suis pas tout à fait d'accord avec cette idée.
ARGU	表明立场	prendre position	expr.	to take a stand	表明立场	Tâche 3 评分要求的动作	Il faut prendre position clairement.
ARGU	引述文本	Le premier document souligne que	expr.	The first document stresses that	第一篇文章强调	Tâche 3 第一部分固定句	Le premier document souligne les avantages du télétravail.
ARGU	引述文本	L'auteur affirme que	expr.	The author claims that	作者主张	转述动词	L'auteur affirme que la mesure est inefficace.
ARGU	引述文本	met en avant	expr.	highlights / puts forward	凸显/提出	高分转述	Le texte met en avant les risques pour la santé.
ARGU	引述文本	dénonce	v.	denounces / criticises	抨击	带批判色彩的转述	Le second auteur dénonce le manque de moyens.
ARGU	引述文本	nuance son propos	expr.	qualifies his/her statement	使观点更细致	高分转述	L'auteur nuance son propos en fin de texte.
ARGU	引述文本	s'oppose à	v.	opposes	反对	对比两文观点	Le deuxième document s'oppose à cette vision.
ARGU	引述文本	rejoint l'idée de	expr.	agrees with the idea of	与……观点一致	对比两文的另一面	Ce point de vue rejoint l'idée du premier texte.
ARGU	论证展开	D'une part … d'autre part	loc.	On the one hand … on the other hand	一方面……另一方面	成对出现，缺一不可	D'une part le coût baisse, d'autre part la qualité souffre.
ARGU	论证展开	Tout d'abord … Ensuite … Enfin	loc.	First … Then … Finally	首先……其次……最后	最安全的三段结构	Tout d'abord, c'est économique. Ensuite, c'est écologique.
ARGU	论证展开	En premier lieu / En second lieu	loc.	Firstly / Secondly	第一/第二	比 premièrement 正式	En premier lieu, il faut considérer le coût.
ARGU	论证展开	De plus / Par ailleurs	loc.	Moreover / Furthermore	此外	递进，par ailleurs 更书面	Par ailleurs, cette solution est plus rapide.
ARGU	论证展开	Non seulement … mais aussi	loc.	Not only … but also	不仅……而且	高分并列结构	Non seulement c'est cher, mais aussi peu fiable.
ARGU	论证展开	Prenons l'exemple de	expr.	Let us take the example of	以……为例	举例，比 par exemple 更有力	Prenons l'exemple du transport en commun.
ARGU	论证展开	C'est le cas de	expr.	This is the case of	……就是一例	举例变体	C'est le cas de nombreuses familles.
ARGU	论证展开	En effet	adv.	Indeed	确实/因为	承接并解释上一句，非常高频	En effet, les loyers ont doublé en dix ans.
ARGU	论证展开	Autrement dit	loc.	In other words	换句话说	改述，显示语言储备	Autrement dit, la mesure profite surtout aux riches.
ARGU	论证展开	Cela s'explique par	expr.	This can be explained by	这可以由……解释	因果高分句	Cela s'explique par le manque de logements.
ARGU	让步转折	Certes … mais	loc.	Admittedly … but	诚然……但是	让步结构，TCF 评分喜欢	Certes, c'est coûteux, mais les bénéfices sont durables.
ARGU	让步转折	Il est vrai que … cependant	loc.	It is true that … however	确实……然而	与 certes 轮换	Il est vrai que cela demande du temps, cependant le résultat en vaut la peine.
ARGU	让步转折	Toutefois / Néanmoins	adv.	However / Nevertheless	然而/尽管如此	正式转折，胜过 mais	Néanmoins, certains risques subsistent.
ARGU	让步转折	En revanche / Par contre	loc.	On the other hand / In contrast	相反地	par contre 更口语，en revanche 更书面	En revanche, le coût reste élevé.
ARGU	让步转折	Bien que + 虚拟式	conj.	Although	尽管	必须接虚拟式，考点	Bien que ce soit difficile, cela reste possible.
ARGU	让步转折	Même si + 直陈式	conj.	Even if / Even though	即使	接直陈式，与 bien que 区分	Même si le prix augmente, la demande reste forte.
ARGU	让步转折	Malgré + 名词	prep.	Despite	尽管	后只能接名词，不接从句	Malgré les difficultés, le projet a abouti.
ARGU	让步转折	Or	conj.	Now / Yet	然而（引出转折事实）	书面高分连词	Or, les chiffres montrent le contraire.
ARGU	因果结果	Par conséquent / Ainsi	adv.	Consequently / Thus	因此	正式因果	Par conséquent, la ville a modifié sa politique.
ARGU	因果结果	C'est pourquoi	loc.	That is why	这就是为什么	结果连接	C'est pourquoi je soutiens cette proposition.
ARGU	因果结果	Étant donné que	conj.	Given that	鉴于	正式引出原因	Étant donné que les ressources sont limitées, il faut choisir.
ARGU	因果结果	Grâce à / À cause de	prep.	Thanks to / Because of	多亏/由于	grâce à 褒义，à cause de 贬义，必须区分	Grâce à ce programme, j'ai trouvé un emploi.
ARGU	因果结果	entraîner / provoquer	v.	to lead to / to cause	导致	因果动词，比 causer 高级	Cette décision a entraîné de nombreuses protestations.
ARGU	因果结果	avoir des répercussions sur	expr.	to have repercussions on	对……产生影响	高分搭配	Cela a des répercussions sur la vie quotidienne.
ARGU	结论	En conclusion / Pour conclure	loc.	In conclusion	总之	结尾必备	Pour conclure, je dirais que les deux approches sont complémentaires.
ARGU	结论	En somme / En définitive	loc.	All in all / Ultimately	总而言之	结尾轮换词	En définitive, la prudence s'impose.
ARGU	结论	il serait souhaitable de	expr.	it would be desirable to	最好能够	条件式建议，高分收尾	Il serait souhaitable de renforcer les contrôles.
ARGU	结论	un juste équilibre entre	expr.	a fair balance between	在……之间的平衡	万能折中结论	Il faut trouver un juste équilibre entre liberté et sécurité.
ARGU	结论	à condition que + 虚拟式	loc.	provided that	只要/条件是	带条件的结论，高分	Cette solution fonctionne, à condition que tous participent.
EE	Tâche1-称呼	Cher Monsieur / Chère Madame	expr.	Dear Sir / Dear Madam	尊敬的先生/女士	正式书信开头，形容词要配性	Chère Madame Tremblay,
EE	Tâche1-称呼	Salut + 名字	expr.	Hi + name	嗨，……	写给朋友，Tâche 1 常见	Salut Marie,
EE	Tâche1-称呼	Bonjour à tous	expr.	Hello everyone	大家好	写给群体（同事、邻居）	Bonjour à tous,
EE	Tâche1-开头	Je t'écris pour te parler de	expr.	I am writing to tell you about	我写信是想跟你说	非正式开头，tu 形式	Je t'écris pour te parler de mon déménagement.
EE	Tâche1-开头	Je vous écris afin de	expr.	I am writing in order to	我写信是为了	正式版，afin de 接原形	Je vous écris afin de signaler un problème.
EE	Tâche1-开头	J'espère que tu vas bien	expr.	I hope you are well	希望你一切都好	非正式垫句	Salut Paul, j'espère que tu vas bien !
EE	Tâche1-开头	Je me permets de vous contacter au sujet de	expr.	I am taking the liberty of contacting you about	冒昧就……联系您	最正式的开头，高分	Je me permets de vous contacter au sujet de l'annonce parue hier.
EE	Tâche1-开头	Suite à notre conversation	expr.	Further to our conversation	接我们之前的谈话	承接前文	Suite à notre conversation de mardi, voici les détails.
EE	Tâche1-请求	Pourriez-vous me faire savoir	expr.	Could you let me know	能否告知我	条件式礼貌请求	Pourriez-vous me faire savoir si la place est encore libre ?
EE	Tâche1-请求	Je vous serais reconnaissant(e) de	expr.	I would be grateful if you would	如蒙……不胜感激	最高级别礼貌，后接原形	Je vous serais reconnaissant de bien vouloir répondre rapidement.
EE	Tâche1-请求	Je vous prie de bien vouloir	expr.	I kindly ask you to	恳请您	正式书面请求	Je vous prie de bien vouloir examiner ma demande.
EE	Tâche1-请求	Serait-il possible de	expr.	Would it be possible to	是否可以	试探性请求	Serait-il possible d'obtenir un remboursement ?
EE	Tâche1-请求	J'aimerais que + 虚拟式	expr.	I would like … to	我希望……	aimer que 后必须虚拟式，考点	J'aimerais que vous me rappeliez demain.
EE	Tâche1-道歉	Je suis vraiment désolé(e) de	expr.	I am truly sorry for	我为……深感抱歉	后接原形或过去不定式	Je suis vraiment désolé de ne pas avoir répondu plus tôt.
EE	Tâche1-道歉	Veuillez m'excuser pour	expr.	Please excuse me for	请原谅我……	正式道歉，veuillez 是命令式	Veuillez m'excuser pour ce retard.
EE	Tâche1-道歉	Je vous prie de m'excuser	expr.	I beg your pardon	请您原谅	最正式道歉	Je vous prie de m'excuser pour ce contretemps.
EE	Tâche1-投诉	Je tiens à vous signaler que	expr.	I wish to report that	我要向您反映	投诉正式开场	Je tiens à vous signaler que le chauffage ne fonctionne plus.
EE	Tâche1-投诉	à plusieurs reprises	loc.	on several occasions	多次	强化投诉	Je vous ai contacté à plusieurs reprises, sans réponse.
EE	Tâche1-投诉	sans succès / en vain	loc.	without success / in vain	未果	投诉升级	J'ai essayé de vous joindre, mais en vain.
EE	Tâche1-投诉	Je compte sur vous pour	expr.	I am counting on you to	我指望您……	施压但礼貌	Je compte sur vous pour régler ce problème rapidement.
EE	Tâche1-投诉	dans les meilleurs délais	loc.	as soon as possible	尽快	正式催促，胜过 vite	Merci de traiter ma demande dans les meilleurs délais.
EE	Tâche1-结尾	Dans l'attente de votre réponse	expr.	Looking forward to your reply	静候回复	正式结尾固定句	Dans l'attente de votre réponse, je vous remercie.
EE	Tâche1-结尾	N'hésite pas à me contacter	expr.	Do not hesitate to contact me	随时联系我	非正式结尾	N'hésite pas à me contacter si tu as des questions.
EE	Tâche1-结尾	Je reste à votre disposition	expr.	I remain at your disposal	随时为您效劳	正式结尾高分	Je reste à votre disposition pour tout renseignement complémentaire.
EE	Tâche1-落款	Cordialement	expr.	Kind regards	此致	半正式最安全落款	Cordialement, Jian Zhou
EE	Tâche1-落款	Bien à toi / Bien à vous	expr.	Best wishes	祝好	偏熟识	Bien à toi, Jian
EE	Tâche1-落款	Je vous prie d'agréer mes salutations distinguées	expr.	Yours faithfully	顺致崇高敬意	最正式的法式落款，整句背下	Je vous prie d'agréer, Madame, mes salutations distinguées.
EE	Tâche1-落款	À bientôt ! / Bises	expr.	See you soon! / Hugs	回头见/亲亲	朋友之间，bises 只对熟人	À bientôt, Jian
EE	Tâche2-叙事	Il y a quelques mois	loc.	A few months ago	几个月前	Tâche 2 叙事开头	Il y a quelques mois, j'ai vécu une expérience marquante.
EE	Tâche2-叙事	Au début / Au bout de	loc.	At first / After (a period)	起初/经过……之后	时间推进	Au bout de trois semaines, tout allait mieux.
EE	Tâche2-叙事	Ce jour-là	loc.	That day	那天	叙事中定位时间	Ce jour-là, il neigeait énormément.
EE	Tâche2-叙事	Soudain / Tout à coup	adv.	Suddenly	突然	叙事转折	Tout à coup, la lumière s'est éteinte.
EE	Tâche2-叙事	Finalement	adv.	In the end	最终	叙事收束	Finalement, tout s'est bien passé.
EE	Tâche2-叙事	Ce qui m'a le plus marqué(e), c'est	expr.	What struck me most was	最让我印象深刻的是	叙事加评论的桥梁句，高分	Ce qui m'a le plus marqué, c'est l'accueil des gens.
EE	Tâche2-叙事	J'ai été agréablement surpris(e) par	expr.	I was pleasantly surprised by	我惊喜地发现	正面评论	J'ai été agréablement surpris par la qualité du service.
EE	Tâche2-叙事	Avec le recul	loc.	In hindsight	回过头看	成熟评论视角，高分	Avec le recul, je pense que c'était la bonne décision.
EE	Tâche2-叙事	Cette expérience m'a appris que	expr.	This experience taught me that	这段经历让我明白	Tâche 2 万能结论句	Cette expérience m'a appris que la patience est essentielle.
EE	Tâche2-叙事	Je recommande vivement	expr.	I strongly recommend	我强烈推荐	带建议的收尾	Je recommande vivement cette activité à tout le monde.
EE	通用	il s'agit de	expr.	it is about / it concerns	涉及的是	无人称结构，书面高频	Il s'agit d'un problème récurrent.
EE	通用	mettre en place	expr.	to set up / to implement	建立/实施	万能高分动词搭配	La ville a mis en place un nouveau service.
EE	通用	faire face à	expr.	to face / to cope with	面对	高分搭配	Les nouveaux arrivants font face à plusieurs défis.
EE	通用	tenir compte de	expr.	to take into account	考虑到	正式搭配	Il faut tenir compte du coût de la vie.
EE	通用	avoir recours à	expr.	to resort to	求助于	书面高分	De plus en plus de gens ont recours au télétravail.
EE	通用	permettre de + 原形	v.	to make it possible to	使得可以	万能句型	Cette mesure permet de réduire les coûts.
EE	通用	empêcher de + 原形	v.	to prevent from	阻止	与 permettre 成对	Le bruit m'empêche de dormir.
CANADA	加法差异	le courriel	n.m.	email	电子邮件	魁北克坚持用 courriel，法国说 e-mail/mail	Je vous enverrai les documents par courriel.
CANADA	加法差异	le stationnement	n.m.	parking	停车场/停车位	魁北克不说 parking，这是高频听力词	Le stationnement est gratuit le soir.
CANADA	加法差异	la fin de semaine	n.f.	weekend	周末	魁北克不说 week-end，TCF 听力常出现	On se voit la fin de semaine prochaine ?
CANADA	加法差异	magasiner / le magasinage	v./n.m.	to shop / shopping	购物	魁北克说法，法国说 faire du shopping	Je vais magasiner cet après-midi.
CANADA	加法差异	le dépanneur	n.m.	convenience store	便利店	魁北克独有词，考试与生活双高频	Il y a un dépanneur au coin de la rue.
CANADA	加法差异	le déjeuner / le dîner / le souper	n.m.	breakfast / lunch / dinner	早餐/午餐/晚餐	魁北克三餐名称整体前移一位，与法国不同，极易混	On se retrouve pour le souper à 18 h.
CANADA	加法差异	le char	n.m.	car	车	魁北克口语，正式场合用 la voiture	Mon char est au garage.
CANADA	加法差异	la job	n.f.	job	工作	魁北克口语且是阴性，法国说 le boulot	J'ai trouvé une bonne job.
CANADA	加法差异	le breuvage	n.m.	beverage	饮料	魁北克用法，法国说 la boisson	Quel breuvage désirez-vous ?
CANADA	加法差异	la traverse / le traversier	n.f./n.m.	crossing / ferry	人行横道/渡轮	魁北克用 traversier，法国说 ferry	Nous prendrons le traversier pour Lévis.
CANADA	加法差异	le cellulaire	n.m.	cell phone	手机	魁北克说 cellulaire，法国说 portable	Éteignez votre cellulaire, s'il vous plaît.
CANADA	加法差异	la piastre / la piasse	n.f.	dollar (slang)	块钱	魁北克口语说钱	Ça m'a coûté trente piasses.
CANADA	加法差异	présentement	adv.	currently	目前	魁北克常用，法国多说 actuellement	Je suis présentement en formation.
CANADA	加法差异	bienvenue !	expr.	you are welcome	不客气	魁北克特有回应 merci，法国说 de rien	— Merci ! — Bienvenue !
CANADA	加法差异	Bonjour-hi	expr.	Hello (bilingual greeting)	蒙特利尔双语问候	蒙特利尔商店特有现象，社会议题	À Montréal, on entend souvent « Bonjour-hi ».
CANADA	机构	le CLSC	n.m.	local community health centre	社区健康服务中心	魁北克医疗体系入口，听力必考缩写	Je dois prendre rendez-vous au CLSC.
CANADA	机构	la RAMQ	n.f.	Quebec health insurance board	魁北克医保局	发放 carte soleil 医保卡	Ma carte de la RAMQ expire en mars.
CANADA	机构	le cégep	n.m.	pre-university/technical college	大学预科兼技术学院	魁北克独有学制，高中与大学之间两年	Ma fille commence le cégep en septembre.
CANADA	机构	la SAQ	n.f.	Quebec liquor board	魁北克酒类专卖局	买酒只能去 SAQ	On achète le vin à la SAQ.
CANADA	机构	la SAAQ	n.f.	Quebec auto insurance board	魁北克车辆保险局	办驾照和车牌	Il faut renouveler le permis à la SAAQ.
CANADA	机构	Service Canada	n.pr.	Service Canada	加拿大服务部	办 NAS、assurance-emploi	Je me suis rendu à un bureau de Service Canada.
CANADA	机构	la garderie / le CPE	n.f./n.m.	daycare / early childhood centre	托儿所	魁北克补贴托儿是重要社会议题	Les places en garderie sont très demandées.
CANADA	机构	la commission scolaire / le centre de services scolaire	n.f./n.m.	school board	教育局	魁北克 2020 年改名，两种说法都可能听到	Le centre de services scolaire a annoncé une journée pédagogique.
CANADA	机构	la municipalité / la ville	n.f.	municipality / city	市政府	三级政府之一	La municipalité s'occupe du déneigement.
CANADA	移民身份	la résidence permanente	n.f.	permanent residence	永久居留	移民核心词	J'ai obtenu ma résidence permanente l'an dernier.
CANADA	移民身份	le résident permanent	n.m.	permanent resident	永久居民	身份称谓	Les résidents permanents peuvent travailler partout au Canada.
CANADA	移民身份	la citoyenneté canadienne	n.f.	Canadian citizenship	加拿大公民身份	入籍话题	La demande de citoyenneté prend plusieurs mois.
CANADA	移民身份	le permis de travail	n.m.	work permit	工作许可	临时身份	Mon permis de travail est valide deux ans.
CANADA	移民身份	le nouvel arrivant	n.m.	newcomer	新移民	加拿大官方常用词，比 immigrant 中性	Des ateliers gratuits sont offerts aux nouveaux arrivants.
CANADA	移民身份	le parrainage	n.m.	sponsorship	担保移民	家庭团聚	Elle a déposé une demande de parrainage pour ses parents.
CANADA	移民身份	l'intégration	n.f.	integration	融入	社会议题高频	L'intégration des nouveaux arrivants passe par la langue.
CANADA	移民身份	la francisation	n.f.	French-language training	法语培训（政府免费）	魁北克独有项目名，听力高频	Je suis des cours de francisation le soir.
CANADA	移民身份	l'équivalence de diplôme	n.f.	credential recognition	学历认证	就业障碍话题	L'équivalence de diplôme est un obstacle fréquent.
CANADA	移民身份	l'ordre professionnel	n.m.	professional order/regulatory body	职业行会	魁北克执业准入机构	Il faut être membre de l'ordre professionnel pour exercer.
CANADA	社会福利	le NAS (numéro d'assurance sociale)	n.m.	Social Insurance Number	社会保险号	工作必备，听力会念全称	Vous devez fournir votre NAS à l'employeur.
CANADA	社会福利	l'assurance-emploi	n.f.	Employment Insurance	就业保险	失业与产假津贴	Il touche l'assurance-emploi depuis deux mois.
CANADA	社会福利	le congé parental	n.m.	parental leave	育儿假	魁北克 RQAP 制度，社会议题	Le congé parental est partagé entre les deux parents.
CANADA	社会福利	les allocations familiales	n.f.pl.	child benefits	儿童福利金	家庭补贴	Les allocations familiales sont versées chaque mois.
CANADA	社会福利	le REER / le CELI	n.m.	RRSP / TFSA	注册退休储蓄计划/免税储蓄账户	加拿大理财必备缩写	Je cotise à mon REER chaque année.
CANADA	社会福利	la déclaration de revenus	n.f.	tax return	报税表	每年四月	J'ai produit ma déclaration de revenus en ligne.
CANADA	社会福利	le salaire minimum	n.m.	minimum wage	最低工资	社会议题	Le salaire minimum a augmenté en mai.
CANADA	冬季生活	le déneigement	n.m.	snow removal	除雪	加拿大冬季核心词，市政服务	Le déneigement des trottoirs relève de la ville.
CANADA	冬季生活	la tempête de neige	n.f.	snowstorm	暴风雪	听力通知类高频	Les écoles sont fermées à cause de la tempête de neige.
CANADA	冬季生活	la poudrerie	n.f.	blowing snow	吹雪	魁北克气象词，天气预报常见	La poudrerie réduit la visibilité sur l'autoroute.
CANADA	冬季生活	le verglas	n.m.	freezing rain / black ice	冻雨/地面结冰	加拿大冬季危险天气	Attention au verglas ce matin.
CANADA	冬季生活	la pelle à neige	n.f.	snow shovel	雪铲	生活场景	J'ai acheté une pelle à neige au magasin.
CANADA	冬季生活	les pneus d'hiver	n.m.pl.	winter tires	冬季轮胎	魁北克法律强制，12月至3月	Les pneus d'hiver sont obligatoires au Québec.
CANADA	冬季生活	la tuque / les mitaines	n.f.	toque / mittens	毛线帽/连指手套	魁北克特有说法	N'oublie pas ta tuque, il fait froid !
CANADA	冬季生活	le facteur vent / le refroidissement éolien	n.m.	wind chill	体感温度	天气预报固定表达	Avec le facteur vent, on ressent moins vingt.
CANADA	冬季生活	la canicule	n.f.	heat wave	酷暑	夏季对应词	Une canicule est annoncée pour la semaine prochaine.
CANADA	文化生活	la cabane à sucre	n.f.	sugar shack	枫糖屋	魁北克春季文化传统	Au printemps, on va à la cabane à sucre en famille.
CANADA	文化生活	le sirop d'érable	n.m.	maple syrup	枫糖浆	加拿大符号	Le Québec produit la majorité du sirop d'érable mondial.
CANADA	文化生活	la poutine	n.f.	poutine	肉汁奶酪薯条	魁北克国菜	La poutine est un plat emblématique du Québec.
CANADA	文化生活	le pourboire	n.m.	tip	小费	北美必须给，通常 15 到 20 个百分点	Le pourboire n'est pas inclus dans l'addition.
CANADA	文化生活	les Premières Nations / les Autochtones	n.f.pl./n.m.pl.	First Nations / Indigenous peoples	原住民	加拿大正确表述，社会议题必备	Les Autochtones représentent une part importante de l'histoire du pays.
CANADA	文化生活	le bilinguisme	n.m.	bilingualism	双语制	加拿大国策，议论题高频	Le bilinguisme est inscrit dans la Constitution canadienne.
CANADA	文化生活	la Loi 101 / la Charte de la langue française	n.f.	Bill 101 / Charter of the French Language	法语宪章	魁北克语言政策，社会议题核心	La Loi 101 impose le français comme langue de travail.
CANADA	文化生活	l'interculturalisme / le multiculturalisme	n.m.	interculturalism / multiculturalism	跨文化主义/多元文化主义	魁北克用前者，联邦用后者，区别是考点	Le Québec défend un modèle d'interculturalisme.
TRAVAIL	求职	l'offre d'emploi	n.f.	job posting	招聘启事	CE 小广告题高频	J'ai vu votre offre d'emploi sur votre site.
TRAVAIL	求职	le curriculum vitæ / le CV	n.m.	résumé / CV	简历	发音 cé-vé	Veuillez trouver ci-joint mon CV.
TRAVAIL	求职	la lettre de motivation	n.f.	cover letter	求职信	法语区必备文件	J'ai joint une lettre de motivation à ma candidature.
TRAVAIL	求职	poser sa candidature / postuler	v.	to apply	申请职位	postuler à un poste	Je souhaite postuler au poste d'adjoint administratif.
TRAVAIL	求职	l'entretien d'embauche / l'entrevue	n.m./n.f.	job interview	面试	加拿大说 entrevue，法国说 entretien	J'ai une entrevue vendredi matin.
TRAVAIL	求职	l'expérience professionnelle	n.f.	work experience	工作经验	简历核心	J'ai dix ans d'expérience professionnelle dans ce secteur.
TRAVAIL	求职	les compétences	n.f.pl.	skills	技能	永远复数	Mes compétences correspondent au profil recherché.
TRAVAIL	求职	la période d'essai	n.f.	probation period	试用期	合同条款	La période d'essai dure trois mois.
TRAVAIL	求职	embaucher / recruter	v.	to hire / to recruit	雇佣/招聘	与 licencier 相对	L'entreprise a embauché vingt personnes.
TRAVAIL	雇佣条款	le contrat à durée indéterminée (CDI)	n.m.	permanent contract	无固定期限合同	与 CDD 成对，听力缩写	Il a signé un CDI le mois dernier.
TRAVAIL	雇佣条款	le contrat à durée déterminée (CDD)	n.m.	fixed-term contract	固定期限合同	临时合同	Mon CDD se termine en décembre.
TRAVAIL	雇佣条款	à temps plein / à temps partiel	loc.	full-time / part-time	全职/兼职	固定搭配	Je cherche un emploi à temps partiel.
TRAVAIL	雇佣条款	le salaire brut / net	n.m.	gross / net salary	税前/税后工资	工资单核心区分	Le salaire net est d'environ 3 000 dollars.
TRAVAIL	雇佣条款	les heures supplémentaires	n.f.pl.	overtime	加班	永远复数	Les heures supplémentaires sont payées à taux et demi.
TRAVAIL	雇佣条款	les avantages sociaux	n.m.pl.	employee benefits	福利待遇	加拿大求职核心词	Le poste offre de bons avantages sociaux.
TRAVAIL	雇佣条款	le congé payé	n.m.	paid leave	带薪假	福利	J'ai droit à trois semaines de congés payés.
TRAVAIL	雇佣条款	le congé de maladie	n.m.	sick leave	病假	请假场景	J'ai pris deux jours de congé de maladie.
TRAVAIL	雇佣条款	le préavis	n.m.	notice period	离职通知期	辞职流程	Je dois donner un préavis de deux semaines.
TRAVAIL	日常职场	le collègue / la collègue	n.	colleague	同事	阴阳同形	Ma collègue m'a remplacé hier.
TRAVAIL	日常职场	le supérieur hiérarchique / le patron	n.m.	line manager / boss	上司/老板	Tâche 3 明确提到的收件人类型	J'en ai parlé à mon supérieur hiérarchique.
TRAVAIL	日常职场	la charge de travail	n.f.	workload	工作量	协商与抱怨高频	Ma charge de travail a beaucoup augmenté.
TRAVAIL	日常职场	la date limite / l'échéance	n.f.	deadline	截止日期	respecter une échéance	Nous devons respecter l'échéance du 15 mai.
TRAVAIL	日常职场	la réunion	n.f.	meeting	会议	assister à / reporter une réunion	La réunion a été reportée à jeudi.
TRAVAIL	日常职场	l'ordre du jour	n.m.	agenda	议程	会议固定搭配	Voici l'ordre du jour de la réunion.
TRAVAIL	日常职场	le compte rendu	n.m.	minutes / report	纪要/汇报	Tâche 2 明确要求的文体	Je vous envoie le compte rendu de la réunion.
TRAVAIL	日常职场	remplacer quelqu'un	v.	to cover for someone	代班	同事互助场景	Peux-tu me remplacer samedi ?
TRAVAIL	日常职场	le télétravail	n.m.	remote work	远程办公	TCF 议论题头号热点	Le télétravail s'est généralisé depuis 2020.
TRAVAIL	日常职场	le mode hybride	n.m.	hybrid model	混合办公	疫情后热词	Nous fonctionnons en mode hybride.
TRAVAIL	日常职场	l'horaire flexible	n.m.	flexible hours	弹性工时	福利协商	L'horaire flexible facilite la conciliation travail-famille.
TRAVAIL	日常职场	la conciliation travail-famille	n.f.	work-life balance	工作与家庭平衡	魁北克高频社会议题表述	La conciliation travail-famille reste un défi.
TRAVAIL	职场问题	démissionner	v.	to resign	辞职	主动离职	Elle a démissionné après cinq ans.
TRAVAIL	职场问题	licencier / mettre à pied	v.	to dismiss / to lay off	解雇/临时裁员	mise à pied 是加拿大常用说法	Cinquante employés ont été mis à pied.
TRAVAIL	职场问题	le chômage	n.f.	unemployment	失业	être au chômage	Le taux de chômage a baissé.
TRAVAIL	职场问题	le harcèlement	n.m.	harassment	骚扰	职场法规高频	L'entreprise a une politique contre le harcèlement.
TRAVAIL	职场问题	la discrimination à l'embauche	n.f.	hiring discrimination	招聘歧视	移民就业议题	La discrimination à l'embauche touche les nouveaux arrivants.
TRAVAIL	职场问题	l'épuisement professionnel	n.m.	burnout	职业倦怠	魁北克正式说法，避免英语 burn-out	L'épuisement professionnel est en hausse.
TRAVAIL	职场问题	la santé et la sécurité au travail	n.f.	occupational health and safety	职业健康与安全	加拿大法定术语	La formation en santé et sécurité au travail est obligatoire.
TRAVAIL	职场问题	la pénurie de main-d'œuvre	n.f.	labour shortage	劳动力短缺	加拿大当前头号经济议题	La pénurie de main-d'œuvre touche tous les secteurs.
TRAVAIL	职场问题	le syndicat	n.m.	union	工会	加拿大工会力量强	Les employés sont représentés par un syndicat.
LOGEMENT	租房	le logement	n.m.	housing / accommodation	住房	万能词，社会议题核心	La crise du logement touche toutes les grandes villes.
LOGEMENT	租房	le loyer	n.m.	rent	房租	payer le loyer	Le loyer a augmenté de cent dollars.
LOGEMENT	租房	le propriétaire / le locataire	n.m.	landlord / tenant	房东/租客	成对出现，Tâche 1 常见收件人	J'ai écrit au propriétaire pour signaler la fuite.
LOGEMENT	租房	le bail	n.m.	lease	租约	复数 baux，签约动词 signer un bail	Mon bail se termine le 30 juin.
LOGEMENT	租房	la caution / le dépôt de garantie	n.f./n.m.	security deposit	押金	注意魁北克法律限制押金	La caution correspond à un mois de loyer.
LOGEMENT	租房	les charges	n.f.pl.	utilities / service charges	杂费（水电等）	charges comprises 是广告高频	Le loyer est de 900 dollars, charges comprises.
LOGEMENT	租房	meublé / non meublé	adj.	furnished / unfurnished	带家具/不带家具	租房广告必读	L'appartement est entièrement meublé.
LOGEMENT	租房	un quatre et demi	n.m.	two-bedroom apartment	两室一厅	魁北克独有房型计数法，听力必懂	Nous louons un quatre et demi à Montréal.
LOGEMENT	租房	le colocataire / la colocation	n.m./n.f.	roommate / flat-share	合租室友/合租	年轻人与学生高频	Je cherche un colocataire pour partager le loyer.
LOGEMENT	租房	emménager / déménager	v.	to move in / to move out	搬入/搬家	魁北克 7 月 1 日是搬家日	Nous déménageons le premier juillet.
LOGEMENT	租房	visiter un appartement	v.	to view an apartment	看房	不是 visit 旅游义	J'aimerais visiter l'appartement cette semaine.
LOGEMENT	租房	la petite annonce	n.f.	classified ad	分类小广告	CE 阅读题固定文体	J'ai répondu à une petite annonce.
LOGEMENT	维修	la fuite d'eau	n.f.	water leak	漏水	Tâche 1 投诉题最高频问题	Il y a une fuite d'eau sous l'évier.
LOGEMENT	维修	le chauffage	n.m.	heating	暖气	加拿大冬季核心报修	Le chauffage ne fonctionne plus depuis hier.
LOGEMENT	维修	la panne / en panne	n.f./loc.	breakdown / out of order	故障/坏了	万能故障表达	L'ascenseur est en panne depuis trois jours.
LOGEMENT	维修	réparer / la réparation	v./n.f.	to repair / repair	维修	报修核心动词	Les réparations ont été faites le jour même.
LOGEMENT	维修	la moisissure	n.f.	mould	霉菌	健康类严重报修理由	Il y a de la moisissure dans la salle de bain.
LOGEMENT	维修	l'infiltration	n.f.	water infiltration / seepage	渗水	加拿大住房常见问题	Une infiltration a endommagé le plafond.
LOGEMENT	维修	le concierge	n.m.	building superintendent	楼管	加拿大公寓管理员	Le concierge viendra demain matin.
LOGEMENT	邻里	le voisin / le voisinage	n.m.	neighbour / neighbourhood	邻居/邻里	Tâche 2 与 EO2 高频场景	Mes voisins font du bruit tard le soir.
LOGEMENT	邻里	le bruit / le tapage nocturne	n.m.	noise / night-time disturbance	噪音/夜间扰民	tapage nocturne 是法律用语	J'ai porté plainte pour tapage nocturne.
LOGEMENT	邻里	porter plainte	v.	to file a complaint	投诉/报案	正式动词搭配	Il a porté plainte auprès de la municipalité.
LOGEMENT	邻里	le règlement de l'immeuble	n.m.	building rules	楼宇管理规定	规章语境	Le règlement de l'immeuble interdit les animaux.
LOGEMENT	邻里	les ordures / le recyclage / le compost	n.f.pl./n.m.	garbage / recycling / compost	垃圾/回收/厨余	加拿大三分类	Le compost est ramassé le mardi.
LOGEMENT	购房	acheter une maison	v.	to buy a house	买房	生活规划话题	Nous envisageons d'acheter une maison en banlieue.
LOGEMENT	购房	l'hypothèque	n.f.	mortgage	按揭贷款	加拿大用 hypothèque，法国说 prêt immobilier	Le taux d'hypothèque a encore augmenté.
LOGEMENT	购房	la mise de fonds	n.f.	down payment	首付	加拿大特有说法	La mise de fonds minimale est de cinq pour cent.
LOGEMENT	购房	les taxes municipales	n.f.pl.	property taxes	房产税	房主年度支出	Les taxes municipales sont payables en deux versements.
LOGEMENT	购房	le courtier immobilier	n.m.	real estate broker	房产经纪	加拿大说法	Notre courtier immobilier a organisé trois visites.
LOGEMENT	购房	la banlieue	n.f.	suburbs	郊区	与 le centre-ville 相对	Les prix sont plus abordables en banlieue.
LOGEMENT	社会议题	la crise du logement	n.f.	housing crisis	住房危机	加拿大当前头号议题，Tâche 3 高频	La crise du logement frappe les jeunes familles.
LOGEMENT	社会议题	le logement abordable	n.m.	affordable housing	可负担住房	政策议题	La ville promet plus de logements abordables.
LOGEMENT	社会议题	l'itinérance	n.f.	homelessness	无家可归	魁北克用 itinérance，法国说 sans-abrisme	L'itinérance augmente dans les grandes villes.
LOGEMENT	社会议题	l'embourgeoisement	n.m.	gentrification	中产化/绅士化	城市议题高分词	L'embourgeoisement chasse les résidents de longue date.
SANTE	就医	prendre rendez-vous	v.	to make an appointment	预约	固定搭配，不加冠词	J'aimerais prendre rendez-vous avec le docteur Roy.
SANTE	就医	le médecin de famille	n.m.	family doctor	家庭医生	加拿大医疗入口，等候名单话题高频	Il est difficile de trouver un médecin de famille.
SANTE	就医	la clinique sans rendez-vous	n.f.	walk-in clinic	免预约诊所	加拿大特有就医方式	Je suis allé à une clinique sans rendez-vous.
SANTE	就医	l'urgence / les urgences	n.f.	emergency room	急诊	魁北克说 à l'urgence	L'attente à l'urgence était de six heures.
SANTE	就医	le spécialiste	n.m.	specialist	专科医生	需转诊	Mon médecin m'a référé à un spécialiste.
SANTE	就医	l'ordonnance / la prescription	n.f.	prescription	处方	魁北克两者都用	Le pharmacien a renouvelé mon ordonnance.
SANTE	就医	la pharmacie / le pharmacien	n.f./n.m.	pharmacy / pharmacist	药房/药剂师	生活场景	La pharmacie est ouverte jusqu'à 21 h.
SANTE	就医	la carte d'assurance maladie	n.f.	health card	医保卡	魁北克俗称 carte soleil	N'oubliez pas votre carte d'assurance maladie.
SANTE	就医	la liste d'attente	n.f.	waiting list	轮候名单	加拿大医疗体系高频批评点	Il est sur une liste d'attente pour une opération.
SANTE	就医	se faire vacciner / la vaccination	v./n.f.	to get vaccinated / vaccination	接种疫苗	公共卫生话题	Il faut se faire vacciner chaque automne.
SANTE	症状	tomber malade	v.	to fall ill	生病	基础表达	Je suis tombé malade la semaine dernière.
SANTE	症状	avoir mal à	v.	to have a pain in	……疼	avoir mal à la tête / au dos	J'ai mal à la gorge depuis deux jours.
SANTE	症状	avoir de la fièvre	v.	to have a fever	发烧	固定搭配	Mon fils a de la fièvre depuis hier soir.
SANTE	症状	le rhume / la grippe	n.m./n.f.	cold / flu	感冒/流感	区分轻重	J'ai attrapé un gros rhume.
SANTE	症状	les effets secondaires	n.m.pl.	side effects	副作用	永远复数	Ce médicament a peu d'effets secondaires.
SANTE	症状	guérir / la guérison	v./n.f.	to recover / recovery	痊愈	康复表达	Il a mis trois semaines à guérir.
SANTE	症状	la maladie chronique	n.f.	chronic illness	慢性病	健康议题	Les maladies chroniques pèsent sur le système.
SANTE	健康生活	la santé mentale	n.f.	mental health	心理健康	Tâche 3 高频议题	La santé mentale des jeunes inquiète les experts.
SANTE	健康生活	le bien-être	n.m.	well-being	身心健康	高分抽象名词	Les entreprises investissent dans le bien-être des employés.
SANTE	健康生活	le stress / stressant	n.m./adj.	stress / stressful	压力/有压力的	现代生活议题	Mon travail est très stressant en ce moment.
SANTE	健康生活	la sédentarité	n.f.	sedentary lifestyle	久坐少动	健康议论高分词	La sédentarité augmente les risques cardiovasculaires.
SANTE	健康生活	l'alimentation équilibrée	n.f.	balanced diet	均衡饮食	固定搭配	Une alimentation équilibrée est essentielle.
SANTE	健康生活	faire de l'exercice / du sport	v.	to exercise	锻炼	不说 faire exercice	Je fais du sport trois fois par semaine.
SANTE	健康生活	le système de santé public	n.m.	public health system	公共医疗体系	加拿大制度特征，议论必备	Le système de santé public est gratuit mais engorgé.
SANTE	健康生活	le vieillissement de la population	n.m.	population ageing	人口老龄化	Tâche 3 高频议题	Le vieillissement de la population pèse sur les services.
ARGENT	银行	le compte bancaire / le compte chèque	n.m.	bank account / chequing account	银行账户/支票账户	加拿大账户类型	J'ai ouvert un compte chèque à la succursale.
ARGENT	银行	la carte de débit / de crédit	n.f.	debit / credit card	借记卡/信用卡	支付方式	La plupart des commerces acceptent la carte de débit.
ARGENT	银行	le virement / le virement Interac	n.m.	transfer / e-transfer	转账/加拿大电子转账	Interac 是加拿大特有系统	Je vais te faire un virement Interac ce soir.
ARGENT	银行	le dépôt direct	n.m.	direct deposit	工资直存	加拿大发薪标准方式	Mon salaire est versé par dépôt direct.
ARGENT	银行	retirer / déposer de l'argent	v.	to withdraw / to deposit money	取款/存款	基础动词	Je dois retirer de l'argent au guichet.
ARGENT	银行	les frais bancaires	n.m.pl.	bank fees	银行手续费	永远复数	Les frais bancaires sont de 15 dollars par mois.
ARGENT	银行	le taux d'intérêt	n.m.	interest rate	利率	固定搭配	Le taux d'intérêt a encore monté.
ARGENT	银行	le dossier de crédit	n.m.	credit file / credit score	信用记录	新移民必须建立	Il faut bâtir son dossier de crédit dès l'arrivée.
ARGENT	消费	la facture	n.f.	invoice / bill	账单/发票	Tâche 1 投诉题高频	J'ai reçu une facture incorrecte.
ARGENT	消费	le reçu	n.m.	receipt	收据	退货必需	Conservez votre reçu pour la garantie.
ARGENT	消费	la garantie	n.f.	warranty	保修	消费维权	L'appareil est encore sous garantie.
ARGENT	消费	le remboursement / rembourser	n.m./v.	refund / to refund	退款	投诉核心诉求	Je demande le remboursement intégral.
ARGENT	消费	l'échange	n.m.	exchange	换货	与退款并列	Le magasin propose un échange mais pas de remboursement.
ARGENT	消费	le rabais / la réduction	n.m./n.f.	discount	折扣	魁北克常用 rabais	Il y a un rabais de vingt pour cent cette semaine.
ARGENT	消费	les taxes	n.f.pl.	sales taxes	销售税	加拿大标价不含税	Le prix affiché ne comprend pas les taxes.
ARGENT	消费	le coût de la vie	n.m.	cost of living	生活成本	Tâche 3 高频议题	Le coût de la vie a explosé ces dernières années.
ARGENT	消费	le pouvoir d'achat	n.m.	purchasing power	购买力	经济议题高分词	L'inflation réduit le pouvoir d'achat des ménages.
ARGENT	消费	l'inflation	n.f.	inflation	通货膨胀	时事必备	L'inflation atteint quatre pour cent.
ARGENT	消费	le budget / gérer son budget	n.m./v.	budget / to manage one's budget	预算/理财	生活技能话题	J'ai du mal à gérer mon budget ce mois-ci.
ARGENT	保险	l'assurance habitation / automobile	n.f.	home / car insurance	房屋保险/车险	生活必备	L'assurance habitation est obligatoire pour les propriétaires.
ARGENT	保险	la prime / la franchise	n.f.	premium / deductible	保费/免赔额	北美保险两个核心概念	La franchise de ma police est de 500 dollars.
ARGENT	保险	faire une réclamation	v.	to file a claim	索赔	加拿大说 réclamation，法国说 déclaration de sinistre	J'ai fait une réclamation après l'accident.
TRANSPORT	公共交通	le transport en commun	n.m.	public transit	公共交通	加拿大说 transport en commun	Je prends le transport en commun tous les jours.
TRANSPORT	公共交通	le métro / l'autobus	n.m.	subway / bus	地铁/公交	魁北克说 autobus 全称	L'autobus 24 passe toutes les dix minutes.
TRANSPORT	公共交通	le tarif / le titre de transport	n.m.	fare / transit pass	票价/车票	CO 公告题高频	Le tarif mensuel est de 97 dollars.
TRANSPORT	公共交通	la correspondance	n.f.	transfer / connection	换乘	交通与航班双用	Il y a une correspondance à la station Berri.
TRANSPORT	公共交通	l'arrêt / la station	n.m./n.f.	stop / station	站点	arrêt 指公交，station 指地铁	Descendez au prochain arrêt.
TRANSPORT	公共交通	le retard / être en retard	n.m./loc.	delay / to be late	延误/迟到	通知与道歉场景	Le train a vingt minutes de retard.
TRANSPORT	公共交通	l'horaire	n.m.	schedule / timetable	时刻表	CO 公告题核心信息	Consultez l'horaire sur le site de la société de transport.
TRANSPORT	公共交通	la grève	n.f.	strike	罢工	法语区高频新闻	Une grève des transports est annoncée pour lundi.
TRANSPORT	公共交通	accessible aux personnes à mobilité réduite	loc.	wheelchair accessible	无障碍	加拿大公共设施标准表述	Toutes les stations sont accessibles aux personnes à mobilité réduite.
TRANSPORT	驾车	le permis de conduire	n.m.	driver's licence	驾照	办事场景	J'ai passé mon permis de conduire au Québec.
TRANSPORT	驾车	l'immatriculation	n.f.	vehicle registration	车辆登记	SAAQ 业务	Le renouvellement de l'immatriculation se fait en ligne.
TRANSPORT	驾车	la contravention / le constat	n.f./n.m.	ticket / fine	罚单	违章	J'ai reçu une contravention pour excès de vitesse.
TRANSPORT	驾车	l'excès de vitesse	n.m.	speeding	超速	交通违规	L'excès de vitesse est la première cause d'accidents.
TRANSPORT	驾车	le covoiturage	n.m.	carpooling / ridesharing	拼车	环保与省钱议题，EO2 角色扮演考过	Le covoiturage réduit les coûts et la pollution.
TRANSPORT	驾车	les embouteillages / la congestion	n.m.pl./n.f.	traffic jams / congestion	交通拥堵	城市议题	Les embouteillages sont terribles aux heures de pointe.
TRANSPORT	驾车	l'heure de pointe	n.f.	rush hour	高峰期	固定搭配	J'évite de conduire à l'heure de pointe.
TRANSPORT	出行	réserver / la réservation	v./n.f.	to book / booking	预订	EO2 角色扮演高频	J'aimerais réserver une chambre pour deux nuits.
TRANSPORT	出行	annuler / l'annulation	v./n.f.	to cancel / cancellation	取消	投诉与协商	Puis-je annuler sans frais ?
TRANSPORT	出行	le billet aller-retour	n.m.	return ticket	往返票	购票场景	Un billet aller-retour pour Québec, s'il vous plaît.
TRANSPORT	出行	le vol / le décollage / l'atterrissage	n.m.	flight / takeoff / landing	航班/起飞/降落	机场场景	Notre vol est retardé de deux heures.
TRANSPORT	出行	les bagages / le bagage à main	n.m.pl./n.m.	luggage / carry-on	行李/随身行李	机场必备	Un seul bagage à main est autorisé.
TRANSPORT	出行	la douane	n.f.	customs	海关	入境场景	Il faut déclarer les aliments à la douane.
EDUCATION	学制	l'école primaire / secondaire	n.f.	primary / secondary school	小学/中学	基础学制	Mes enfants vont à l'école primaire du quartier.
EDUCATION	学制	l'université / la faculté	n.f.	university / faculty	大学/院系	高等教育	Elle étudie à l'Université de Montréal.
EDUCATION	学制	les frais de scolarité	n.m.pl.	tuition fees	学费	永远复数	Les frais de scolarité ont augmenté.
EDUCATION	学制	s'inscrire / l'inscription	v./n.f.	to register / registration	注册	流程词	Les inscriptions se terminent le 15 août.
EDUCATION	学制	le diplôme / diplômé(e)	n.m./adj.	degree / graduate	文凭/毕业的	简历必备	Je suis diplômé en génie civil.
EDUCATION	学制	la formation	n.f.	training / education	培训/教育	万能词，比 éducation 常用	J'ai suivi une formation en comptabilité.
EDUCATION	学制	le stage / le stagiaire	n.m.	internship / intern	实习/实习生	不是 stage 舞台	J'ai fait un stage de six mois en entreprise.
EDUCATION	学制	la bourse d'études	n.f.	scholarship	奖学金	资助	Elle a obtenu une bourse d'études.
EDUCATION	学制	l'apprentissage	n.m.	learning / apprenticeship	学习/学徒制	一词两义	L'apprentissage d'une langue demande du temps.
EDUCATION	学制	la formation continue	n.f.	continuing education	继续教育	成人学习	La formation continue est offerte le soir.
EDUCATION	学制	le décrochage scolaire	n.m.	school dropout	辍学	魁北克社会议题高频	Le décrochage scolaire touche surtout les garçons.
EDUCATION	学制	l'uniforme scolaire	n.m.	school uniform	校服	Tâche 3 实考议题	Faut-il imposer l'uniforme scolaire ?
EDUCATION	学制	l'enseignement à distance	n.m.	distance learning	远程教学	疫情后议题	L'enseignement à distance a ses limites.
SOCIETE	社会议题	la société	n.f.	society	社会	Tâche 3 的 fait de société 就是指这个	Ce phénomène touche toute la société.
SOCIETE	社会议题	l'inégalité / les inégalités	n.f.	inequality	不平等	议论核心词	Les inégalités se creusent entre les régions.
SOCIETE	社会议题	la pauvreté	n.f.	poverty	贫困	社会议题	La pauvreté touche un enfant sur dix.
SOCIETE	社会议题	la classe moyenne	n.f.	middle class	中产阶级	经济议题	La classe moyenne est fragilisée par l'inflation.
SOCIETE	社会议题	la diversité	n.f.	diversity	多样性	加拿大公共话语核心	La diversité est une richesse pour la société.
SOCIETE	社会议题	l'égalité des chances	n.f.	equal opportunity	机会平等	高分搭配	L'école doit garantir l'égalité des chances.
SOCIETE	社会议题	les droits de la personne	n.m.pl.	human rights	人权	加拿大说 droits de la personne，法国说 droits de l'homme	La Charte protège les droits de la personne.
SOCIETE	社会议题	la laïcité	n.f.	secularism	世俗主义	魁北克敏感热点议题	Le débat sur la laïcité divise la population.
SOCIETE	社会议题	le bénévolat / le bénévole	n.m.	volunteering / volunteer	志愿服务/志愿者	加拿大社区生活核心	Le bénévolat favorise l'intégration sociale.
SOCIETE	社会议题	la banque alimentaire	n.f.	food bank	食物银行	社区互助	Les dons à la banque alimentaire augmentent en hiver.
SOCIETE	社会议题	l'organisme communautaire	n.m.	community organisation	社区组织	加拿大说法	Un organisme communautaire offre de l'aide aux familles.
SOCIETE	社会议题	le vivre-ensemble	n.m.	social cohesion / living together	共同生活	魁北克特有的公共话语词	Le vivre-ensemble repose sur le respect mutuel.
SOCIETE	社会议题	le fossé des générations	n.m.	generation gap	代沟	家庭议题	Le fossé des générations s'accentue avec le numérique.
SOCIETE	家庭	la famille monoparentale	n.f.	single-parent family	单亲家庭	家庭议题	Les familles monoparentales sont plus vulnérables.
SOCIETE	家庭	le conjoint / la conjointe	n.	spouse / partner	配偶	加拿大法律与表格常用	Mon conjoint travaille dans la santé.
SOCIETE	家庭	élever des enfants	v.	to raise children	养育孩子	固定搭配	Élever des enfants coûte cher en ville.
SOCIETE	家庭	la garde partagée	n.f.	shared custody	共同监护	离婚议题	Ils ont opté pour la garde partagée.
SOCIETE	家庭	prendre soin de	v.	to take care of	照顾	固定搭配	Elle prend soin de ses parents âgés.
ENVIRO	环境	l'environnement	n.m.	environment	环境	Tâche 3 高频主题	La protection de l'environnement est une priorité.
ENVIRO	环境	les changements climatiques	n.m.pl.	climate change	气候变化	加拿大用复数形式，法国说 le changement climatique	Les changements climatiques affectent nos hivers.
ENVIRO	环境	le réchauffement climatique	n.m.	global warming	全球变暖	同义高频词	Le réchauffement climatique accélère la fonte des glaces.
ENVIRO	环境	les gaz à effet de serre (GES)	n.m.pl.	greenhouse gases	温室气体	政策文件高频缩写	Le Canada veut réduire ses GES de moitié.
ENVIRO	环境	l'empreinte carbone	n.f.	carbon footprint	碳足迹	个人行动角度	Le vélo réduit votre empreinte carbone.
ENVIRO	环境	le développement durable	n.m.	sustainable development	可持续发展	高分固定搭配	Le développement durable guide nos décisions.
ENVIRO	环境	les énergies renouvelables	n.f.pl.	renewable energy	可再生能源	魁北克水电特色	Le Québec produit surtout de l'hydroélectricité.
ENVIRO	环境	le gaspillage alimentaire	n.m.	food waste	食物浪费	Tâche 3 实考议题	Le gaspillage alimentaire représente un tiers de la production.
ENVIRO	环境	le plastique à usage unique	n.m.	single-use plastic	一次性塑料	加拿大已立法禁用	Le plastique à usage unique est interdit depuis 2023.
ENVIRO	环境	le tri sélectif / le recyclage	n.m.	waste sorting / recycling	垃圾分类/回收	生活实践	Le tri sélectif est obligatoire dans la municipalité.
ENVIRO	环境	la pollution / polluer	n.f./v.	pollution / to pollute	污染	基础议题词	La pollution de l'air aggrave l'asthme.
ENVIRO	环境	les feux de forêt	n.m.pl.	wildfires	森林大火	加拿大近年重大事件	Les feux de forêt ont dégradé la qualité de l'air.
ENVIRO	环境	la sensibilisation / sensibiliser	n.f./v.	awareness-raising	提高意识	公益活动固定词	La campagne vise à sensibiliser les jeunes.
ENVIRO	环境	prendre conscience de	v.	to become aware of	意识到	高分搭配	Il faut prendre conscience de l'urgence.
NUMERIQUE	数字生活	le numérique	n.m.	digital / digital technology	数字技术	法语高频名词化	Le numérique transforme le monde du travail.
NUMERIQUE	数字生活	les réseaux sociaux	n.m.pl.	social media	社交媒体	永远复数	Les réseaux sociaux influencent l'opinion publique.
NUMERIQUE	数字生活	l'intelligence artificielle (IA)	n.f.	artificial intelligence	人工智能	Tâche 3 当前热点	L'intelligence artificielle suscite autant d'espoir que de crainte.
NUMERIQUE	数字生活	le mot de passe	n.m.	password	密码	生活场景	J'ai oublié mon mot de passe.
NUMERIQUE	数字生活	se connecter / la connexion	v./n.f.	to log in / connection	登录/连接	技术场景	Je n'arrive pas à me connecter à mon compte.
NUMERIQUE	数字生活	en ligne / hors ligne	loc.	online / offline	在线/离线	办事高频	La demande se fait entièrement en ligne.
NUMERIQUE	数字生活	télécharger	v.	to download	下载	技术基础词	Téléchargez le formulaire sur le site.
NUMERIQUE	数字生活	la protection des données	n.f.	data protection	数据保护	隐私议题	La protection des données personnelles inquiète les usagers.
NUMERIQUE	数字生活	la fraude / l'hameçonnage	n.f./n.m.	fraud / phishing	诈骗/钓鱼	魁北克用 hameçonnage 代替 phishing	Méfiez-vous des courriels d'hameçonnage.
NUMERIQUE	数字生活	la désinformation / les fausses nouvelles	n.f.	disinformation / fake news	虚假信息	魁北克说 fausses nouvelles	La désinformation se propage vite en ligne.
NUMERIQUE	数字生活	le temps d'écran	n.m.	screen time	屏幕使用时间	健康与教育议题	Le temps d'écran des adolescents inquiète les parents.
NUMERIQUE	数字生活	la fracture numérique	n.f.	digital divide	数字鸿沟	社会议题高分词	La fracture numérique touche les aînés et les régions.
NUMERIQUE	数字生活	l'automatisation	n.f.	automation	自动化	就业议题	L'automatisation menace certains emplois.
QUOTIDIEN	购物	l'épicerie / le supermarché	n.f./n.m.	grocery store / supermarket	杂货店/超市	加拿大常说 épicerie	Je vais à l'épicerie après le travail.
QUOTIDIEN	购物	la caisse / le caissier	n.f./n.m.	checkout / cashier	收银台/收银员	CO 场景高频	Passez à la caisse numéro trois.
QUOTIDIEN	购物	essayer / la cabine d'essayage	v./n.f.	to try on / fitting room	试穿/试衣间	购物对话	Puis-je essayer cette veste ?
QUOTIDIEN	购物	la taille / la pointure	n.f.	size (clothes) / size (shoes)	尺码/鞋码	两者不能混用，考点	Quelle est votre pointure ?
QUOTIDIEN	购物	en solde / les soldes	loc./n.m.pl.	on sale / sales	打折中/打折季	购物高频	Ces bottes sont en solde.
QUOTIDIEN	购物	la livraison / livrer	n.f./v.	delivery / to deliver	配送	网购与投诉	La livraison est gratuite à partir de 50 dollars.
QUOTIDIEN	购物	la commande / commander	n.f./v.	order / to order	订单/下单	客服场景	Ma commande n'est toujours pas arrivée.
QUOTIDIEN	餐饮	la réservation / réserver une table	n.f./v.	reservation / to book a table	订位	EO2 角色扮演高频	J'aimerais réserver une table pour six personnes.
QUOTIDIEN	餐饮	le menu / la carte	n.m./n.f.	set menu / à la carte menu	套餐/菜单	两者含义不同，考点	Nous prendrons le menu du jour.
QUOTIDIEN	餐饮	l'addition	n.f.	bill / check	账单	餐厅场景固定词	L'addition, s'il vous plaît !
QUOTIDIEN	餐饮	l'entrée / le plat principal / le dessert	n.f./n.m.	starter / main course / dessert	前菜/主菜/甜点	注意 entrée 在法语是前菜	En entrée, je prendrai une soupe.
QUOTIDIEN	餐饮	la végétarien(ne) / végétalien(ne)	adj.	vegetarian / vegan	素食的/纯素的	饮食议题	Je suis végétarien depuis cinq ans.
QUOTIDIEN	餐饮	l'allergie / être allergique à	n.f./loc.	allergy / to be allergic to	过敏	点餐必备	Je suis allergique aux arachides.
QUOTIDIEN	天气	la météo / les prévisions	n.f.	weather / forecast	天气/预报	CO 广播题高频	Selon la météo, il va neiger demain.
QUOTIDIEN	天气	il fait froid / doux / humide	loc.	it is cold / mild / humid	天气冷/温和/潮湿	il fait 是固定结构	Il fait moins quinze ce matin.
QUOTIDIEN	天气	la pluie / la neige / le vent	n.f./n.m.	rain / snow / wind	雨/雪/风	基础天气词	La neige commencera en soirée.
QUOTIDIEN	天气	l'avertissement météorologique	n.m.	weather warning	天气预警	加拿大广播固定用语	Un avertissement de tempête est en vigueur.
QUOTIDIEN	休闲	les loisirs	n.m.pl.	leisure activities	休闲活动	EO1 必问	Quels sont vos loisirs ?
QUOTIDIEN	休闲	faire du bénévolat / du sport / de la randonnée	v.	to volunteer / do sport / go hiking	做志愿/运动/徒步	faire de + 活动 结构	Je fais de la randonnée les fins de semaine.
QUOTIDIEN	休闲	la bibliothèque	n.f.	library	图书馆	社区资源，非 librairie 书店	La bibliothèque offre des ateliers gratuits.
QUOTIDIEN	休闲	le centre communautaire	n.m.	community centre	社区中心	加拿大社区生活核心	Le centre communautaire propose des cours de français.
QUOTIDIEN	休闲	l'inscription à une activité	n.f.	activity registration	活动报名	EO2 场景	L'inscription se fait en ligne avant le 30 août.
VERBES	动介搭配	s'occuper de	v.	to take care of / to handle	负责/照料	介词 de，高频	Je m'occupe de la réservation.
VERBES	动介搭配	se rendre compte de / que	v.	to realise	意识到	反身动词，高分	Je me suis rendu compte que j'avais oublié.
VERBES	动介搭配	réussir à + 原形	v.	to manage to	成功做到	介词 à	J'ai réussi à obtenir un rendez-vous.
VERBES	动介搭配	arriver à + 原形	v.	to manage to	做得到	口语版 réussir à	Je n'arrive pas à comprendre cette règle.
VERBES	动介搭配	décider de + 原形	v.	to decide to	决定	介词 de	Nous avons décidé de déménager.
VERBES	动介搭配	essayer de + 原形	v.	to try to	尝试	介词 de	J'ai essayé de vous joindre hier.
VERBES	动介搭配	commencer à / finir de	v.	to start / to finish	开始/结束	介词不同，易错	J'ai commencé à apprendre le français en 2024.
VERBES	动介搭配	penser à / penser de	v.	to think about / to think of	想到/认为	à 是想起，de 是评价，考点	Que pensez-vous de cette idée ?
VERBES	动介搭配	manquer de / manquer à	v.	to lack / to be missed by	缺乏/被想念	两种用法差别大	La ville manque de logements abordables.
VERBES	动介搭配	s'attendre à	v.	to expect	预期	介词 à	Je ne m'attendais pas à une telle réponse.
VERBES	动介搭配	s'habituer à	v.	to get used to	习惯于	新移民话题高频	Je me suis habitué au climat canadien.
VERBES	动介搭配	se plaindre de	v.	to complain about	抱怨	投诉场景	Les voisins se plaignent du bruit.
VERBES	动介搭配	profiter de	v.	to take advantage of / to enjoy	利用/享受	正面含义	Profitez de l'offre avant la fin du mois.
VERBES	动介搭配	participer à	v.	to take part in	参加	介词 à	J'ai participé à un atelier d'emploi.
VERBES	动介搭配	convenir à / convenir de	v.	to suit / to agree on	适合/商定	双用法	Cette date me convient parfaitement.
VERBES	高频动词	constater	v.	to observe / to note	发现/注意到	书面高分	J'ai constaté une erreur sur ma facture.
VERBES	高频动词	signaler	v.	to report / to flag	反映/报告	投诉高分动词	Je souhaite signaler un problème récurrent.
VERBES	高频动词	régler	v.	to settle / to fix	解决/付清	一词两义	J'espère que ce problème sera réglé rapidement.
VERBES	高频动词	joindre	v.	to reach (someone) / to attach	联系上/附上	双义高频	Vous pouvez me joindre au numéro suivant.
VERBES	高频动词	renseigner / se renseigner	v.	to inform / to find out	告知/打听	EO2 核心动词	Je me suis renseigné auprès de la mairie.
VERBES	高频动词	favoriser	v.	to promote / to encourage	促进	议论高分动词	Le télétravail favorise l'autonomie.
VERBES	高频动词	renforcer	v.	to strengthen	加强	议论高分动词	Il faut renforcer les services publics.
VERBES	高频动词	réduire / diminuer	v.	to reduce / to decrease	减少	数据与政策	Cette mesure vise à réduire les coûts.
VERBES	高频动词	augmenter / accroître	v.	to increase	增加	accroître 更书面	Le nombre de demandes a fortement augmenté.
PIEGES	假朋友	assister à	v.	to attend (NOT to assist)	出席（不是协助）	中英法三方易错，assist 是 aider	J'assiste au cours, je n'aide pas le professeur.
PIEGES	假朋友	actuellement	adv.	currently (NOT actually)	目前（不是实际上）	actually 是 en fait	Actuellement, je cherche un emploi.
PIEGES	假朋友	éventuellement	adv.	possibly (NOT eventually)	可能（不是最终）	eventually 是 finalement	Je pourrai éventuellement vous aider.
PIEGES	假朋友	sensible	adj.	sensitive (NOT sensible)	敏感的（不是明智的）	sensible 英文对应 raisonnable	C'est un sujet sensible.
PIEGES	假朋友	la librairie	n.f.	bookshop (NOT library)	书店（不是图书馆）	library 是 bibliothèque	J'ai acheté ce livre à la librairie.
PIEGES	假朋友	le collège	n.m.	middle school (in France) / college (in Quebec)	初中/学院	魁北克与法国含义不同，考点	Au Québec, le cégep vient après le secondaire.
PIEGES	假朋友	passer un examen	v.	to sit an exam (NOT to pass)	参加考试（不是通过）	通过是 réussir un examen	J'ai passé le TCF en mars et je l'ai réussi.
PIEGES	假朋友	la monnaie	n.f.	change / currency (NOT money)	零钱/货币	money 是 l'argent	Gardez la monnaie.
PIEGES	假朋友	demander	v.	to ask (NOT to demand)	询问/请求	demand 是 exiger	Je vous demande de patienter.
PIEGES	语法陷阱	les / des 在形容词前	det.	de before adjective+noun	形容词前 des 变 de	de nombreux, de bonnes — 高分细节	Il y a de nombreux avantages.
PIEGES	语法陷阱	虚拟式触发词	gram.	subjunctive triggers	虚拟式触发	il faut que, bien que, pour que, avant que, vouloir que	Il faut que je parte maintenant.
PIEGES	语法陷阱	直陈式触发词	gram.	indicative triggers	直陈式触发	parce que, puisque, après que, espérer que	J'espère que vous allez bien.
PIEGES	语法陷阱	复合过去时助动词	gram.	avoir vs être	助动词选择	DR MRS VANDERTRAMP 动词和所有反身动词用 être	Je me suis inscrit hier.
PIEGES	语法陷阱	未完成过去时 vs 复合过去时	gram.	imparfait vs passé composé	背景描写 vs 具体动作	Tâche 2 叙事的核心语法得分点	Il pleuvait quand je suis sorti.
PIEGES	语法陷阱	条件式表礼貌	gram.	conditional for politeness	条件式表礼貌	je voudrais / pourriez-vous / j'aimerais — EO2 必用	Je voudrais réserver une place.
PIEGES	语法陷阱	性数一致	gram.	gender and number agreement	性数配合	形容词与过去分词的配合是 EE 高频扣分点	Les décisions ont été prises hier.
COCE	公告用语	veuillez + 原形	expr.	please (formal imperative)	请……	公告与通知的固定开头，CO 高频	Veuillez patienter quelques instants.
COCE	公告用语	nous vous informons que	expr.	we inform you that	兹通知	正式通知开场	Nous vous informons que le service sera interrompu.
COCE	公告用语	en raison de	loc.	due to	由于	公告说明原因的标准用语	En raison de travaux, l'accès est fermé.
COCE	公告用语	à compter du / à partir du	loc.	as of / starting from	自……起	生效日期表达	À compter du 1er juin, les tarifs changent.
COCE	公告用语	jusqu'à nouvel ordre	loc.	until further notice	另行通知前	公告固定语	Le stationnement est interdit jusqu'à nouvel ordre.
COCE	公告用语	est susceptible de	expr.	is likely to / may	可能会	正式预警表达	Le service est susceptible d'être retardé.
COCE	公告用语	il est interdit de / défense de	expr.	it is forbidden to	禁止	标识与规章	Il est interdit de fumer dans l'immeuble.
COCE	公告用语	il est obligatoire de	expr.	it is compulsory to	必须	规章用语	Il est obligatoire de présenter une pièce d'identité.
COCE	公告用语	sous réserve de	loc.	subject to	以……为条件	正式文件高频	Offre valable sous réserve de disponibilité.
COCE	公告用语	dans les plus brefs délais	loc.	as soon as possible	尽快	正式催办	Veuillez répondre dans les plus brefs délais.
COCE	公告用语	prière de	expr.	kindly	敬请	标识用语	Prière de ne pas déranger.
COCE	公告用语	le préavis	n.m.	advance notice	提前通知期	与劳动合同的 préavis 同词不同语境，此处指规章要求的提前告知	Un préavis de trente jours est exigé pour résilier le bail.
COCE	公告用语	entrer en vigueur	expr.	to come into effect	生效	政策公告	La nouvelle règle entre en vigueur lundi.
COCE	公告用语	être en vigueur	expr.	to be in force	现行有效	加拿大公告高频	Un avertissement de chaleur est en vigueur.
COCE	小广告	à louer / à vendre	loc.	for rent / for sale	出租/出售	petite annonce 标题词	Quatre et demi à louer, libre immédiatement.
COCE	小广告	libre immédiatement	loc.	available immediately	即刻可入住	租房广告	Logement libre immédiatement, non meublé.
COCE	小广告	tout inclus / tout compris	loc.	all inclusive	全包	租房与旅游广告	Loyer de 1 200 dollars, tout inclus.
COCE	小广告	proche de / à deux pas de	loc.	close to / a stone's throw from	靠近	广告卖点表达	À deux pas du métro et des commerces.
COCE	小广告	s'adresser à / contacter	v.	to contact	请联系	广告结尾	S'adresser au concierge pour visiter.
COCE	小广告	références exigées	loc.	references required	需提供推荐人	租房广告条件	Références exigées, non-fumeur.
COCE	小广告	expérience souhaitée / exigée	loc.	experience preferred / required	经验优先/必备	招聘广告	Expérience exigée : deux ans minimum.
COCE	小广告	faire parvenir votre CV	expr.	to send in your CV	请投递简历	招聘广告结尾	Faire parvenir votre CV avant le 15 mai.
COCE	小广告	poste à combler	n.m.	position to be filled	待招职位	加拿大招聘用语	Poste à combler immédiatement.
COCE	小广告	temps plein / temps partiel	loc.	full-time / part-time	全职/兼职	招聘广告	Poste à temps partiel, soirs et fins de semaine.
COCE	正式文件	le formulaire	n.m.	form	表格	办事流程	Remplissez le formulaire en ligne.
COCE	正式文件	remplir / déposer une demande	v.	to fill out / to submit an application	填写/提交申请	流程动词	J'ai déposé ma demande la semaine dernière.
COCE	正式文件	la pièce justificative	n.f.	supporting document	证明文件	官方文件高频	Joignez toutes les pièces justificatives.
COCE	正式文件	la pièce d'identité	n.f.	photo ID	身份证件	办事必备	Présentez une pièce d'identité avec photo.
COCE	正式文件	la preuve de résidence	n.f.	proof of address	居住证明	办事必备	Une preuve de résidence est requise.
COCE	正式文件	le délai de traitement	n.m.	processing time	办理时长	移民与办事高频	Le délai de traitement est de huit semaines.
COCE	正式文件	être admissible à	expr.	to be eligible for	符合……资格	加拿大说 admissible，法国说 éligible	Vous êtes admissible à cette subvention.
COCE	正式文件	le renouvellement / renouveler	n.m./v.	renewal / to renew	续期	证件与租约	Le renouvellement du permis se fait en ligne.
COCE	正式文件	échoir / la date d'expiration	v./n.f.	to expire / expiry date	到期	证件管理	Vérifiez la date d'expiration de votre carte.
COCE	正式文件	les frais de dossier	n.m.pl.	application fee	申请费	办事费用	Les frais de dossier sont non remboursables.
COCE	正式文件	le reçu / l'accusé de réception	n.m.	receipt / acknowledgement of receipt	收据/收讫回执	正式流程	Vous recevrez un accusé de réception par courriel.
VERBES	动介搭配	tenir à + 原形	v.	to be keen to / to insist on	坚持要/很想	表达强烈意愿，高分	Je tiens à vous remercier personnellement.
CONJUG	核心不规则	être	v.	to be	是	je suis, tu es, il est, nous sommes, vous êtes, ils sont ; PC été ; imp. j'étais ; fut. je serai ; subj. que je sois	Je suis originaire de Chine.
CONJUG	核心不规则	avoir	v.	to have	有	j'ai, tu as, il a, nous avons, vous avez, ils ont ; PC eu ; imp. j'avais ; fut. j'aurai ; subj. que j'aie	J'ai deux enfants.
CONJUG	核心不规则	aller	v.	to go	去	je vais, tu vas, il va, nous allons, vous allez, ils vont ; fut. j'irai ; subj. que j'aille ; PC 用 être	Je vais au travail en autobus.
CONJUG	核心不规则	faire	v.	to do / to make	做	je fais, nous faisons, vous faites, ils font ; PC fait ; fut. je ferai ; subj. que je fasse	Je fais du sport le matin.
CONJUG	核心不规则	pouvoir	v.	to be able to	能够	je peux, il peut, nous pouvons, ils peuvent ; fut. je pourrai ; cond. je pourrais ; subj. que je puisse	Pourriez-vous m'aider ?
CONJUG	核心不规则	vouloir	v.	to want	想要	je veux, il veut, nous voulons, ils veulent ; cond. je voudrais ; subj. que je veuille	Je voudrais réserver une place.
CONJUG	核心不规则	devoir	v.	must / to owe	必须	je dois, il doit, nous devons, ils doivent ; cond. je devrais ; PC dû	Je dois partir maintenant.
CONJUG	核心不规则	savoir	v.	to know (a fact)	知道	je sais, il sait, nous savons, ils savent ; subj. que je sache ; PC su	Je sais qu'il faut s'inscrire en ligne.
CONJUG	核心不规则	connaître	v.	to know (be familiar with)	认识	je connais, il connaît, nous connaissons ; PC connu ; 与 savoir 的区别是考点	Je connais bien ce quartier.
CONJUG	核心不规则	venir	v.	to come	来	je viens, il vient, nous venons, ils viennent ; fut. je viendrai ; PC 用 être	Je viens de Shanghai.
CONJUG	核心不规则	prendre	v.	to take	拿/乘坐	je prends, il prend, nous prenons, ils prennent ; PC pris	Je prends le métro tous les jours.
CONJUG	核心不规则	mettre	v.	to put	放	je mets, il met, nous mettons ; PC mis	J'ai mis les documents sur votre bureau.
CONJUG	核心不规则	dire	v.	to say	说	je dis, nous disons, vous dites, ils disent ; PC dit	Il m'a dit qu'il serait en retard.
CONJUG	核心不规则	voir	v.	to see	看见	je vois, nous voyons, ils voient ; fut. je verrai ; PC vu	Je vois ce que vous voulez dire.
CONJUG	核心不规则	croire	v.	to believe	相信	je crois, nous croyons, ils croient ; PC cru ; 否定后接虚拟式	Je ne crois pas que ce soit une bonne idée.
CONJUG	核心不规则	écrire	v.	to write	写	j'écris, nous écrivons ; PC écrit	Je vous écris au sujet de l'annonce.
CONJUG	核心不规则	lire	v.	to read	读	je lis, nous lisons, ils lisent ; PC lu	J'ai lu votre courriel ce matin.
CONJUG	核心不规则	recevoir	v.	to receive	收到	je reçois, nous recevons, ils reçoivent ; PC reçu ; 注意 ç	J'ai reçu votre message hier.
CONJUG	核心不规则	falloir	v.	to be necessary	必须	无人称：il faut ; fut. il faudra ; subj. qu'il faille ; il faut que + 虚拟式	Il faut que je parte tôt.
CONJUG	核心不规则	valoir	v.	to be worth	值得	il vaut ; il vaut mieux que + 虚拟式	Il vaut mieux que vous réserviez à l'avance.
CONJUG	核心不规则	s'asseoir	v.	to sit down	坐下	je m'assois 或 je m'assieds ; PC assis ; 反身动词用 être	Asseyez-vous, je vous en prie.
CONJUG	核心不规则	offrir / ouvrir	v.	to offer / to open	提供/打开	按 -er 动词变位：j'offre, j'ouvre ; PC offert, ouvert	Le centre offre des cours gratuits.
CONJUG	核心不规则	partir / sortir / dormir	v.	to leave / go out / sleep	离开/出去/睡觉	je pars, je sors, je dors（去掉词干末辅音）; partir 和 sortir 的 PC 用 être	Je pars à sept heures.
CONJUG	核心不规则	suivre	v.	to follow / to take (a course)	跟随/上课	je suis, nous suivons ; PC suivi ; 注意 je suis 与 être 同形	Je suis des cours de francisation.
CONJUG	核心不规则	vivre	v.	to live	生活	je vis, nous vivons ; PC vécu ; 与 habiter 的区别：vivre 更抽象	Je vis au Canada depuis deux ans.
CONJUG	规则变化	-er 动词	gram.	-er verbs	第一组动词	占法语动词 90%：parler → je parle, nous parlons ; PC parlé	Je parle français et anglais.
CONJUG	规则变化	-ir 动词（第二组）	gram.	-ir verbs (finir type)	第二组动词	finir → je finis, nous finissons（加 -iss-）; PC fini	Nous finissons à dix-sept heures.
CONJUG	规则变化	-cer / -ger 动词	gram.	spelling-change verbs	拼写变化动词	commencer → nous commençons ; manger → nous mangeons（保软音）	Nous commençons la réunion à neuf heures.
CONJUG	规则变化	-eler / -eter 动词	gram.	doubling verbs	双写辅音动词	appeler → j'appelle ; acheter → j'achète	Je m'appelle Jian.
CONJUG	规则变化	-yer 动词	gram.	y to i verbs	y 变 i 动词	payer → je paie ; employer → j'emploie ; essayer → j'essaie	J'essaie de répondre rapidement.
CONJUG	时态用法	passé composé	gram.	perfect tense	复合过去时	叙述已完成的具体动作，Tâche 2 主干时态	Hier, j'ai visité trois appartements.
CONJUG	时态用法	imparfait	gram.	imperfect tense	未完成过去时	描写背景、状态、习惯动作。与 PC 的对立是 EE 最大扣分点	Il pleuvait et je ne connaissais personne.
CONJUG	时态用法	PC vs imparfait	gram.	perfect vs imperfect	两者对立	背景用 imparfait，打断背景的动作用 PC	Je dormais quand le téléphone a sonné.
CONJUG	时态用法	être 作助动词	gram.	être as auxiliary	用 être 的复合过去时	所有反身动词 + 来去生死类动词（aller, venir, partir, arriver, rester, naître, mourir…）	Je me suis levé tôt. Elle est arrivée hier.
CONJUG	时态用法	过去分词性数配合	gram.	past participle agreement	过去分词配合	用 être 时与主语配合；用 avoir 时只与前置直接宾语配合	Les documents que j'ai envoyés sont arrivés.
CONJUG	时态用法	plus-que-parfait	gram.	pluperfect	愈过去时	表示过去的过去：avais/étais + 过去分词。NCLC 7 需会认，会用更好	J'avais déjà envoyé le formulaire quand il m'a appelé.
CONJUG	时态用法	futur simple	gram.	simple future	简单将来时	原形 + ai/as/a/ons/ez/ont。书面用，口语可用 futur proche	Je vous enverrai les documents demain.
CONJUG	时态用法	futur proche	gram.	near future	最近将来时	aller + 原形。口语更自然，EO 可多用	Je vais déménager le mois prochain.
CONJUG	时态用法	conditionnel présent	gram.	present conditional	条件式现在时	词干同 futur + imparfait 词尾。表礼貌与假设，EO2 必用	Je voudrais des renseignements. Ce serait possible ?
CONJUG	时态用法	si + imparfait, conditionnel	gram.	if-clause type 2	假设句型二	si 从句绝不用条件式，这是高频错误	Si j'avais plus de temps, je suivrais un cours.
CONJUG	时态用法	si + présent, futur	gram.	if-clause type 1	假设句型一	真实条件	Si vous acceptez, je viendrai demain.
CONJUG	虚拟式	subjonctif présent	gram.	present subjunctive	虚拟式现在时	词干取 ils 形式去 -ent，加 e/es/e/ions/iez/ent	Il faut que je finisse ce rapport.
CONJUG	虚拟式	il faut que	expr.	it is necessary that	必须	最高频虚拟式触发词	Il faut que vous remplissiez ce formulaire.
CONJUG	虚拟式	bien que / quoique	conj.	although	尽管	让步连词，必接虚拟式	Bien que ce soit cher, cela en vaut la peine.
CONJUG	虚拟式	pour que / afin que	conj.	so that	以便	目的连词，必接虚拟式	Je vous écris pour que vous soyez informé.
CONJUG	虚拟式	avant que	conj.	before	在……之前	接虚拟式；但 après que 接直陈式	Avant que vous partiez, signez ici.
CONJUG	虚拟式	情感与意愿动词	gram.	verbs of emotion and will	情感意愿触发虚拟式	vouloir que, souhaiter que, regretter que, avoir peur que	Je souhaite que vous puissiez venir.
CONJUG	虚拟式	不用虚拟式的陷阱	gram.	indicative traps	直陈式陷阱	espérer que, après que, parce que, il est certain que 都接直陈式	J'espère que vous allez bien.
CONJUG	代词	COD / COI 位置	gram.	object pronoun placement	宾语代词位置	动词前：je le vois, je lui parle ; 复合时态放助动词前	Je vous l'enverrai demain.
CONJUG	代词	en / y	gram.	pronouns en and y	代词 en 和 y	en 代替 de + 名词，y 代替 à + 名词或地点	J'y pense souvent. J'en ai besoin.
CONJUG	代词	关系代词 qui / que / dont / où	gram.	relative pronouns	关系代词	qui 主语，que 宾语，dont 代 de，où 地点时间。EE 提升句式复杂度的关键	C'est la personne dont je vous ai parlé.
CONJUG	否定	ne … pas / plus / jamais / rien / personne	gram.	negation forms	否定形式	复合时态：ne + 助动词 + pas + 分词；personne 和 rien 位置特殊	Je n'ai rien reçu. Je n'ai vu personne.
CONJUG	被动与无人称	on	pron.	one / we / people	人们/我们	口语代替 nous，也表被动含义，EO 高频	On nous a dit que c'était complet.
CONJUG	被动与无人称	il y a / il s'agit de	expr.	there is / it is about	有/涉及	无人称结构，书面高频	Il s'agit d'un problème de chauffage.
GENRE	阳性词尾	-ment	gram.	masculine ending	阳性词尾	le logement, le gouvernement, le paiement, le document — 几乎无例外	Le logement coûte cher en ville.
GENRE	阳性词尾	-age	gram.	masculine ending	阳性词尾	le voyage, le stationnement 不算, le chômage, le message — 例外：la plage, la page, l'image, la cage	Le chômage a baissé cette année.
GENRE	阳性词尾	-eau / -ou	gram.	masculine ending	阳性词尾	le bureau, le niveau, le cadeau — 例外：l'eau (f.), la peau	Le niveau de vie est élevé ici.
GENRE	阳性词尾	-isme	gram.	masculine ending	阳性词尾	le tourisme, le bilinguisme, le racisme — 无例外	Le bilinguisme est une richesse.
GENRE	阳性词尾	-eur（事物/职业）	gram.	masculine ending	阳性词尾	le secteur, l'ordinateur, le travailleur — 但抽象名词 -eur 多为阴性	Le secteur de la santé recrute.
GENRE	阳性词尾	-oir	gram.	masculine ending	阳性词尾	le devoir, le pouvoir, le couloir, le trottoir	Le trottoir est glissant ce matin.
GENRE	阳性词尾	-al / -ail	gram.	masculine ending	阳性词尾	le journal, le travail, le total — 复数 -aux	Le journal local a publié l'annonce.
GENRE	阳性词尾	-if	gram.	masculine ending	阳性词尾	l'objectif, le tarif, le motif	Quel est le tarif mensuel ?
GENRE	阴性词尾	-tion / -sion	gram.	feminine ending	阴性词尾	la situation, la formation, la décision, la pension — 几乎无例外，覆盖极多抽象名词	La formation dure six mois.
GENRE	阴性词尾	-té / -tié	gram.	feminine ending	阴性词尾	la société, la qualité, la citoyenneté, l'amitié — 例外：le côté, l'été	La qualité du service laisse à désirer.
GENRE	阴性词尾	-ure	gram.	feminine ending	阴性词尾	la culture, la nature, la structure, la signature	La signature du bail est prévue demain.
GENRE	阴性词尾	-ance / -ence	gram.	feminine ending	阴性词尾	l'assurance, l'expérience, la différence — 例外：le silence, le service 不属此类	L'assurance habitation est obligatoire.
GENRE	阴性词尾	-ette / -elle	gram.	feminine ending	阴性词尾	la recette, la nouvelle, la poubelle	Sortez la poubelle ce soir.
GENRE	阴性词尾	-ie	gram.	feminine ending	阴性词尾	la pharmacie, l'économie, la garderie, la mairie — 例外：le parapluie, l'incendie	La garderie ouvre à sept heures.
GENRE	阴性词尾	-esse / -eur（抽象）	gram.	feminine ending	阴性词尾	la richesse, la vitesse ; la chaleur, la douleur, la peur	La chaleur est difficile à supporter.
GENRE	阴性词尾	-ade / -ude	gram.	feminine ending	阴性词尾	la salade, l'habitude, l'attitude, la solitude	J'ai l'habitude de me lever tôt.
GENRE	易错阳性	le problème	n.m.	problem	问题	以 -ème 结尾的希腊来源词是阳性：le système, le thème, le poème	Le problème persiste depuis un mois.
GENRE	易错阳性	le groupe	n.m.	group	团体	结尾 -e 但阳性，中国学习者高频错	Le groupe se réunit chaque semaine.
GENRE	易错阳性	le domaine	n.m.	field / area	领域	结尾 -e 但阳性	Je travaille dans le domaine de la santé.
GENRE	易错阳性	le salaire	n.m.	salary	工资	-aire 多为阳性：le formulaire, le propriétaire, le dictionnaire	Le salaire est versé le quinze.
GENRE	易错阳性	le silence	n.m.	silence	沉默	-ence 结尾的罕见阳性例外	Le silence de l'administration est inquiétant.
GENRE	易错阳性	le musée	n.m.	museum	博物馆	-ée 结尾的阳性例外，还有 le lycée	Le musée est gratuit le premier dimanche.
GENRE	易错阳性	le magasin	n.m.	store	商店	与 la magasinage 无关，注意区分	Le magasin ferme à vingt et une heures.
GENRE	易错阳性	l'hôpital	n.m.	hospital	医院	元音开头看不出性，必须记	L'hôpital est à dix minutes d'ici.
GENRE	易错阳性	l'argent	n.m.	money	钱	元音开头，阳性，不可数	Je n'ai pas assez d'argent ce mois-ci.
GENRE	易错阳性	l'emploi	n.m.	job / employment	就业	元音开头，阳性	L'emploi dans ce secteur augmente.
GENRE	易错阴性	la fin	n.f.	end	结束	结尾辅音但阴性	La fin de semaine s'annonce froide.
GENRE	易错阴性	la part	n.f.	share / part	部分	注意 le départ 是阳性	Une grande part du budget y est consacrée.
GENRE	易错阴性	la façon	n.f.	way / manner	方式	de cette façon 固定搭配	De cette façon, tout le monde y gagne.
GENRE	易错阴性	la fois	n.f.	time (occurrence)	次	une fois, deux fois ; 与 le temps 区分	C'est la troisième fois que je vous écris.
GENRE	易错阴性	la plupart	n.f.	most	大部分	la plupart des + 复数 + 复数动词	La plupart des gens sont d'accord.
GENRE	易错阴性	la santé	n.f.	health	健康	-té 规则	La santé publique relève des provinces.
GENRE	易错阴性	l'eau	n.f.	water	水	-eau 结尾的阴性例外	L'eau chaude ne fonctionne plus.
GENRE	易错阴性	l'entreprise	n.f.	company	企业	元音开头，阴性	L'entreprise a embauché vingt personnes.
GENRE	易错阴性	l'année	n.f.	year	年	-ée 结尾阴性；与 l'an (m.) 并存，用法不同	L'année prochaine, je déménage.
GENRE	易错阴性	l'expérience	n.f.	experience	经验	元音开头，阴性	J'ai dix ans d'expérience dans ce domaine.
GENRE	易错阴性	l'assurance	n.f.	insurance	保险	元音开头，阴性	L'assurance-emploi couvre le congé parental.
GENRE	同形异性	le livre / la livre	n.	book / pound	书/磅	性别改变词义，考点	J'ai acheté un livre. Une livre de beurre.
GENRE	同形异性	le poste / la poste	n.	position / post office	职位/邮局	TCF 高频，两者都常用	Je postule à ce poste. Je vais à la poste.
GENRE	同形异性	le tour / la tour	n.	turn, trip / tower	轮次、游览/塔	考点	C'est mon tour. La tour est visible de loin.
GENRE	同形异性	le mode / la mode	n.	method / fashion	方式/时尚	le mode de vie 是高频搭配	Le mode de vie ici est différent.
GENRE	同形异性	le critique / la critique	n.	critic / criticism	评论家/批评	议论文语境	La critique est constructive.
GENRE	同形异性	le manche / la manche	n.	handle / sleeve	柄/袖子	La Manche 还指英吉利海峡	Les manches sont trop longues.
GENRE	复数陷阱	les gens	n.m.pl.	people	人们	永远复数，动词用复数	Les gens sont accueillants ici.
GENRE	复数陷阱	les vacances	n.f.pl.	holidays	假期	永远复数	Les vacances commencent en juillet.
GENRE	复数陷阱	les frais	n.m.pl.	fees / costs	费用	永远复数，TCF 高频	Les frais de dossier sont de 100 dollars.
GENRE	复数陷阱	les renseignements	n.m.pl.	information	信息	法语用复数，英语 information 不可数	Je voudrais des renseignements sur le poste.
GENRE	复数陷阱	les transports en commun	n.m.pl.	public transit	公共交通	固定复数	Les transports en commun sont efficaces ici.
GENRE	复数陷阱	-al → -aux	gram.	plural of -al nouns	复数变化	le journal → les journaux ; le travail → les travaux	Les travaux dureront trois mois.
GENRE	复数陷阱	-eau → -eaux	gram.	plural of -eau nouns	复数变化	le bureau → les bureaux ; le niveau → les niveaux	Les bureaux sont fermés le samedi.
ABSTRAIT	评价程度	important / considérable	adj.	significant / considerable	重要的/相当大的	une augmentation considérable，比 grand 高级	Il y a eu une augmentation considérable des loyers.
ABSTRAIT	评价程度	majeur / mineur	adj.	major / minor	重大的/次要的	un problème majeur	C'est un enjeu majeur pour la région.
ABSTRAIT	评价程度	croissant	adj.	growing	不断增长的	un nombre croissant de，高分搭配	Un nombre croissant de gens télétravaillent.
ABSTRAIT	评价程度	répandu	adj.	widespread	普遍的	比 commun 高级	Cette pratique est très répandue au Canada.
ABSTRAIT	评价程度	fréquent / rare	adj.	frequent / rare	频繁的/罕见的	频率描述	Les pannes sont fréquentes en hiver.
ABSTRAIT	评价程度	suffisant / insuffisant	adj.	sufficient / insufficient	足够的/不足的	比 assez 正式	Les ressources sont insuffisantes.
ABSTRAIT	评价程度	excessif	adj.	excessive	过度的	带批评色彩	Le temps d'écran excessif nuit au sommeil.
ABSTRAIT	评价程度	limité	adj.	limited	有限的	des moyens limités	Les places sont limitées.
ABSTRAIT	评价程度	nettement	adv.	clearly / markedly	明显地	nettement supérieur，高分副词	Les résultats sont nettement meilleurs.
ABSTRAIT	评价程度	largement	adv.	widely / by far	广泛地/远远	largement suffisant	Cette opinion est largement partagée.
ABSTRAIT	评价程度	à peine	loc.	barely	勉强/几乎不	高分副词短语	Il gagne à peine de quoi payer le loyer.
ABSTRAIT	评价程度	de plus en plus / de moins en moins	loc.	more and more / less and less	越来越多/越来越少	趋势描述必备	De plus en plus de familles quittent la ville.
ABSTRAIT	可行价值	efficace / l'efficacité	adj./n.f.	effective / effectiveness	有效的/有效性	与 efficient 区分	Cette méthode est très efficace.
ABSTRAIT	可行价值	rentable	adj.	profitable / cost-effective	划算的	经济论证高频	Ce n'est pas rentable à long terme.
ABSTRAIT	可行价值	réaliste / irréaliste	adj.	realistic / unrealistic	现实的	评价方案	Cet objectif me paraît irréaliste.
ABSTRAIT	可行价值	faisable / la faisabilité	adj./n.f.	feasible / feasibility	可行的/可行性	项目论证	Le projet est techniquement faisable.
ABSTRAIT	可行价值	bénéfique	adj.	beneficial	有益的	être bénéfique pour	L'exercice est bénéfique pour la santé mentale.
ABSTRAIT	可行价值	nuisible / néfaste	adj.	harmful	有害的	être nuisible à，高分反义词	Le stress prolongé est néfaste pour la santé.
ABSTRAIT	可行价值	durable	adj.	sustainable / lasting	可持续的/持久的	双义，环境与一般语境	Il faut une solution durable.
ABSTRAIT	可行价值	prioritaire / la priorité	adj./n.f.	priority	优先的/优先事项	政策论证	Le logement est une priorité nationale.
ABSTRAIT	可行价值	indispensable	adj.	essential	必不可少的	强于 nécessaire	La maîtrise du français est indispensable.
ABSTRAIT	可行价值	facultatif / obligatoire	adj.	optional / compulsory	可选的/强制的	规章用词	La formation est obligatoire.
ABSTRAIT	因果条件	la cause / la conséquence	n.f.	cause / consequence	原因/结果	论证基础词	Les conséquences sont difficiles à prévoir.
ABSTRAIT	因果条件	l'enjeu	n.m.	issue at stake	关键议题	Tâche 3 高分词	L'enjeu principal est le financement.
ABSTRAIT	因果条件	l'impact / avoir un impact sur	n.m.	impact	影响	介词用 sur	Cela a un impact direct sur les familles.
ABSTRAIT	因果条件	découler de	v.	to stem from	源于	正式因果动词	Ce problème découle d'un manque de planification.
ABSTRAIT	因果条件	résulter de	v.	to result from	由……造成	正式因果	La hausse résulte de la pénurie de logements.
ABSTRAIT	因果条件	inévitable	adj.	inevitable	不可避免的	强因果	Un certain retard est inévitable.
ABSTRAIT	因果条件	à condition de + 原形	loc.	provided that	条件是	接原形，与 à condition que + 虚拟式 并存	Je viendrai, à condition d'avoir le temps.
ABSTRAIT	因果条件	sinon	conj.	otherwise	否则	结果连接	Inscrivez-vous vite, sinon il n'y aura plus de place.
ABSTRAIT	因果条件	faute de	prep.	for lack of	由于缺乏	高分表达	Faute de moyens, le projet a été abandonné.
ABSTRAIT	因果条件	au risque de	loc.	at the risk of	冒着……的风险	高分表达	Au risque de me répéter, je rappelle les faits.
ABSTRAIT	变化趋势	l'évolution / évoluer	n.f./v.	development / to evolve	演变	中性变化描述	L'évolution du marché est difficile à prévoir.
ABSTRAIT	变化趋势	la tendance	n.f.	trend	趋势	avoir tendance à 也高频	La tendance est à la hausse.
ABSTRAIT	变化趋势	la hausse / la baisse	n.f.	rise / fall	上涨/下跌	à la hausse, en baisse	Les prix sont en forte hausse.
ABSTRAIT	变化趋势	s'accroître / s'aggraver	v.	to increase / to worsen	增长/恶化	s'aggraver 带负面色彩	La situation s'est aggravée cet hiver.
ABSTRAIT	变化趋势	se généraliser	v.	to become widespread	普及	社会变化高分动词	Le télétravail s'est généralisé.
ABSTRAIT	变化趋势	se stabiliser	v.	to stabilise	趋于稳定	数据描述	Les taux se sont stabilisés.
ABSTRAIT	变化趋势	le bouleversement	n.m.	upheaval	剧变	强变化，高分名词	Le numérique a provoqué un bouleversement du travail.
ABSTRAIT	变化趋势	sans précédent	loc.	unprecedented	前所未有的	强调罕见	La ville a connu des inondations sans précédent.
ABSTRAIT	变化趋势	à long terme / à court terme	loc.	long-term / short-term	长期/短期	论证时间维度，Tâche 3 必用	À long terme, cette politique sera rentable.
ABSTRAIT	观点态度	l'avis / le point de vue	n.m.	opinion / point of view	意见/观点	Tâche 3 核心词	Les deux points de vue se complètent.
ABSTRAIT	观点态度	l'argument	n.m.	argument	论据	论证基础词	Cet argument me semble faible.
ABSTRAIT	观点态度	soutenir / défendre une idée	v.	to support / defend an idea	支持/捍卫观点	表态动词	Je défends l'idée d'un accès universel.
ABSTRAIT	观点态度	contester / remettre en question	v.	to challenge / to question	质疑	反对表态	Certains contestent ces chiffres.
ABSTRAIT	观点态度	controversé	adj.	controversial	有争议的	议题描述	Ce sujet reste très controversé.
ABSTRAIT	观点态度	le consensus	n.m.	consensus	共识	论证词	Il n'existe pas de consensus sur cette question.
ABSTRAIT	观点态度	réticent / la réticence	adj./n.f.	reluctant / reluctance	不情愿的	温和反对	Les employeurs sont réticents à embaucher.
ABSTRAIT	观点态度	le préjugé	n.m.	prejudice	偏见	社会议题	Les préjugés freinent l'intégration.
ABSTRAIT	观点态度	nuancé	adj.	nuanced / balanced	有分寸的	评价论述，高分	Sa position est plus nuancée qu'il n'y paraît.
ABSTRAIT	观点态度	convaincant	adj.	convincing	有说服力的	评价论据	Les arguments sont peu convaincants.
ABSTRAIT	观点态度	discutable	adj.	debatable	值得商榷的	温和质疑	Cette conclusion est discutable.
ABSTRAIT	观点态度	reconnaître que	v.	to acknowledge that	承认	让步高分动词	Il faut reconnaître que les coûts sont élevés.
ABSTRAIT	观点态度	se méfier de	v.	to be wary of	提防	批判态度	Il faut se méfier des chiffres isolés.
ABSTRAIT	问题解决	le défi	n.m.	challenge	挑战	relever un défi，高分搭配	Les nouveaux arrivants doivent relever plusieurs défis.
ABSTRAIT	问题解决	l'obstacle	n.m.	obstacle	障碍	surmonter un obstacle	Le principal obstacle reste la langue.
ABSTRAIT	问题解决	surmonter	v.	to overcome	克服	与 obstacle/difficulté 搭配	J'ai surmonté ces difficultés grâce à un mentor.
ABSTRAIT	问题解决	remédier à	v.	to remedy	补救	正式，介词用 à	Il faut remédier à cette situation rapidement.
ABSTRAIT	问题解决	résoudre / la résolution	v./n.f.	to solve / resolution	解决	PC résolu	Ce problème sera résolu cette semaine.
ABSTRAIT	问题解决	réduire / limiter	v.	to reduce / to limit	减少/限制	政策动词	Ces mesures visent à réduire la pollution.
ABSTRAIT	问题解决	encourager / inciter à	v.	to encourage / to prompt	鼓励/促使	inciter 介词用 à	Ces primes incitent les gens à rénover.
ABSTRAIT	问题解决	mettre en œuvre	expr.	to implement	实施	比 appliquer 高级	Le plan sera mis en œuvre dès janvier.
ABSTRAIT	问题解决	adopter une mesure	expr.	to adopt a measure	采取措施	政策论述固定搭配	Le gouvernement a adopté plusieurs mesures.
ABSTRAIT	问题解决	un compromis	n.m.	compromise	折中方案	Tâche 3 结论高频	Il faudra trouver un compromis.
ABSTRAIT	问题解决	une alternative	n.f.	alternative	替代方案	注意法语是阴性	Existe-t-il une alternative moins coûteuse ?
ABSTRAIT	问题解决	à titre d'exemple	loc.	by way of example	举例来说	举例高分表达	À titre d'exemple, citons le cas de Montréal.
ABSTRAIT	社会制度	la politique	n.f.	policy / politics	政策/政治	与 le politique 政治家 区分	La politique du logement doit changer.
ABSTRAIT	社会制度	la loi / la réglementation	n.f.	law / regulation	法律/法规	制度基础词	Une nouvelle loi protège les locataires.
ABSTRAIT	社会制度	les pouvoirs publics	n.m.pl.	public authorities	公共部门	正式指代政府，高分	Les pouvoirs publics doivent intervenir.
ABSTRAIT	社会制度	le service public	n.m.	public service	公共服务	加拿大议题核心	Les services publics sont sous pression.
ABSTRAIT	社会制度	la subvention	n.f.	subsidy / grant	补贴	政策工具	Une subvention est offerte aux familles.
ABSTRAIT	社会制度	l'investissement	n.m.	investment	投资	政策与经济	Un investissement massif est nécessaire.
ABSTRAIT	社会制度	le budget / les fonds	n.m.	budget / funds	预算/资金	财政词	Les fonds alloués sont insuffisants.
ABSTRAIT	社会制度	la transparence	n.f.	transparency	透明度	治理议题高分词	Les citoyens réclament plus de transparence.
ABSTRAIT	社会制度	l'équité	n.f.	equity / fairness	公平	与 égalité 有别，加拿大高频	L'équité d'accès aux soins reste un objectif.
ABSTRAIT	社会制度	l'accessibilité	n.f.	accessibility	可及性	服务与设施议题	L'accessibilité des logements pose problème.
ABSTRAIT	社会制度	la responsabilité collective	n.f.	collective responsibility	集体责任	议论结尾高分	La transition écologique est une responsabilité collective.
ABSTRAIT	社会制度	la compétence（管辖）	n.f.	jurisdiction	管辖权限	加拿大联邦省级划分必备	La santé relève de la compétence des provinces.
ABSTRAIT	数据论证	les données / les chiffres	n.f.pl./n.m.pl.	data / figures	数据/数字	论证基础，永远复数	Les chiffres montrent une baisse constante.
ABSTRAIT	数据论证	selon une étude	loc.	according to a study	根据一项研究	引用高分表达	Selon une étude récente, le télétravail réduit le stress.
ABSTRAIT	数据论证	une enquête / un sondage	n.f./n.m.	survey / poll	调查/民调	数据来源	Un sondage révèle que 60 pour cent des gens sont favorables.
ABSTRAIT	数据论证	la moyenne / en moyenne	n.f./loc.	average / on average	平均	数据描述	En moyenne, les loyers ont augmenté de dix pour cent.
ABSTRAIT	数据论证	le taux	n.m.	rate	比率	le taux de chômage, le taux d'intérêt	Le taux de participation était faible.
ABSTRAIT	数据论证	la proportion / la part	n.f.	proportion / share	比例	数据描述	Une part importante du budget y est consacrée.
ABSTRAIT	数据论证	représenter	v.	to account for	占（比例）	数据动词	Ce poste représente un tiers des dépenses.
ABSTRAIT	数据论证	s'élever à	v.	to amount to	达到（金额）	数字表达高分	Le coût total s'élève à deux millions.
ABSTRAIT	数据论证	notamment	adv.	notably / in particular	尤其	引出具体例子，书面高频	Certaines régions, notamment le Nord, sont touchées.
ABSTRAIT	数据论证	en particulier / surtout	loc./adv.	particularly / especially	特别是	强调	Les jeunes sont surtout concernés.
ABSTRAIT	数据论证	dans une certaine mesure	loc.	to a certain extent	在一定程度上	让步高分表达	C'est vrai dans une certaine mesure.
ABSTRAIT	数据论证	globalement / dans l'ensemble	adv./loc.	overall / on the whole	总体上	结论过渡	Dans l'ensemble, les résultats sont positifs.
ABSTRAIT	人与行为	le comportement	n.m.	behaviour	行为	社会议题	Ces campagnes visent à changer les comportements.
ABSTRAIT	人与行为	la mentalité	n.f.	mindset	心态/观念	文化议题	Les mentalités évoluent lentement.
ABSTRAIT	人与行为	l'autonomie	n.f.	autonomy / independence	自主性	工作与养老议题	Le télétravail favorise l'autonomie.
ABSTRAIT	人与行为	la motivation	n.f.	motivation	动力	职场与学习	La motivation des employés a baissé.
ABSTRAIT	人与行为	la persévérance	n.f.	perseverance	坚持	正面品质	L'apprentissage d'une langue exige de la persévérance.
ABSTRAIT	人与行为	la souplesse / flexible	n.f./adj.	flexibility / flexible	灵活性	职场词	L'horaire offre une grande souplesse.
ABSTRAIT	人与行为	s'adapter à / l'adaptation	v./n.f.	to adapt to / adaptation	适应	移民议题核心	Je me suis adapté assez vite au climat.
ABSTRAIT	人与行为	s'impliquer dans	v.	to get involved in	投入参与	社区参与	Elle s'implique beaucoup dans son quartier.
ABSTRAIT	人与行为	faire preuve de	expr.	to show / to demonstrate	表现出	faire preuve de patience，高分搭配	Il faut faire preuve de patience.
ABSTRAIT	人与行为	être conscient de	expr.	to be aware of	意识到	论证表态	Je suis conscient des difficultés.
ABSTRAIT	人与行为	se sentir + adj.	v.	to feel	感到	se sentir isolé / à l'aise	Je me sens maintenant à l'aise en français.
ABSTRAIT	人与行为	l'isolement	n.m.	isolation	孤立	远程工作与老龄化议题	Le télétravail peut entraîner un certain isolement.
ABSTRAIT	人与行为	l'épanouissement	n.m.	personal fulfilment	自我实现	B2 高分抽象名词	Le travail contribue à l'épanouissement personnel.
ABSTRAIT	人与行为	le sentiment d'appartenance	n.m.	sense of belonging	归属感	融入议题高分表达	Le bénévolat crée un sentiment d'appartenance.
ABSTRAIT	人与行为	surmené / le surmenage	adj./n.m.	overworked / overwork	过劳的	职场健康	Beaucoup d'employés se disent surmenés.
ABSTRAIT	人与行为	prendre l'initiative	expr.	to take the initiative	采取主动	职场正面评价	Elle a pris l'initiative d'organiser la réunion.
TRAVAIL	行业岗位	le secteur	n.m.	sector	行业	le secteur de la santé / des services	Le secteur manufacturier recrute peu.
TRAVAIL	行业岗位	la restauration / l'hôtellerie	n.f.	food service / hospitality	餐饮业/酒店业	新移民常见入行行业	Elle travaille dans la restauration depuis son arrivée.
TRAVAIL	行业岗位	le commerce de détail	n.m.	retail	零售业	常见入门岗位	Le commerce de détail embauche surtout à temps partiel.
TRAVAIL	行业岗位	la construction	n.f.	construction	建筑业	魁北克需求大	La construction ralentit en hiver.
TRAVAIL	行业岗位	le métier	n.m.	trade / occupation	职业/工种	比 emploi 更指技能职业	J'exerce le métier d'électricien.
TRAVAIL	行业岗位	le métier spécialisé	n.m.	skilled trade	技术工种	加拿大移民重点类别	Les métiers spécialisés manquent de main-d'œuvre.
TRAVAIL	行业岗位	l'adjoint administratif	n.m.	administrative assistant	行政助理	常见岗位名	Le poste d'adjoint administratif est à combler.
TRAVAIL	行业岗位	le préposé aux bénéficiaires	n.m.	personal support worker	护理助理	魁北克特有岗位名，招聘广告高频	Les préposés aux bénéficiaires sont très demandés.
TRAVAIL	行业岗位	le gestionnaire	n.m.	manager	管理者	加拿大常用，法国说 le cadre	Le gestionnaire approuve les horaires.
TRAVAIL	行业岗位	le travailleur autonome	n.m.	self-employed worker	自雇者	加拿大税务与移民语境	Les travailleurs autonomes déclarent eux-mêmes leurs revenus.
TRAVAIL	行业岗位	le sous-traitant	n.m.	subcontractor	分包商	建筑与服务业	Les travaux ont été confiés à un sous-traitant.
TRAVAIL	办公日常	le bureau	n.m.	office / desk	办公室/办公桌	双义	Je travaille au bureau trois jours par semaine.
TRAVAIL	办公日常	la salle de réunion	n.f.	meeting room	会议室	预订场景	La salle de réunion est occupée jusqu'à midi.
TRAVAIL	办公日常	la visioconférence	n.f.	video conference	视频会议	魁北克用词，避免英语 Zoom call	La réunion se tiendra en visioconférence.
TRAVAIL	办公日常	l'imprimante / le photocopieur	n.f./n.m.	printer / photocopier	打印机/复印机	办公设备报修	Le photocopieur est encore en panne.
TRAVAIL	办公日常	les fournitures de bureau	n.f.pl.	office supplies	办公用品	采购场景	Il faut commander des fournitures de bureau.
TRAVAIL	办公日常	le dossier	n.m.	file / case	文件夹/案卷	办公与行政双用	J'ai transmis le dossier au service concerné.
TRAVAIL	办公日常	transmettre / faire suivre	v.	to forward	转交/转发	邮件动作	Je vous fais suivre le courriel du client.
TRAVAIL	办公日常	classer / archiver	v.	to file / to archive	归档	文件管理	Tous les contrats sont archivés en ligne.
TRAVAIL	客户业务	le client / la clientèle	n.m./n.f.	client / clientele	客户/客户群	商务词	La clientèle est très fidèle.
TRAVAIL	客户业务	la soumission	n.f.	quote / tender	报价/投标	加拿大特有用词，法国说 le devis	Nous avons déposé une soumission hier.
TRAVAIL	客户业务	le devis	n.m.	estimate / quote	估价单	维修与服务	Pourriez-vous m'envoyer un devis ?
TRAVAIL	客户业务	le chiffre d'affaires	n.m.	revenue / turnover	营业额	经营指标	Le chiffre d'affaires a progressé de 8 pour cent.
TRAVAIL	客户业务	la rentabilité	n.f.	profitability	盈利能力	经营论述	La rentabilité reste faible.
TRAVAIL	客户业务	l'objectif / atteindre un objectif	n.m./v.	target / to reach a target	目标/达成目标	绩效语境	Nous avons atteint nos objectifs trimestriels.
TRAVAIL	客户业务	négocier / la négociation	v./n.f.	to negotiate / negotiation	谈判	商务与劳资双用	Les négociations syndicales ont repris.
TRAVAIL	客户业务	le partenariat	n.m.	partnership	合作关系	商务与社区双用	Un partenariat a été conclu avec la ville.
TRAVAIL	培训安全	l'accueil et l'intégration	n.m./n.f.	onboarding	入职接待与融入	加拿大 HR 用语	L'accueil et l'intégration des nouveaux employés durent deux semaines.
TRAVAIL	培训安全	la formation en ligne	n.f.	online training	线上培训	强制培训常见形式	La formation en ligne est obligatoire avant le début.
TRAVAIL	培训安全	l'équipement de protection individuelle (EPI)	n.m.	personal protective equipment	个人防护装备	工地与工厂强制	Le port de l'EPI est obligatoire sur le chantier.
TRAVAIL	培训安全	le chantier	n.m.	worksite	工地	建筑业核心词	L'accès au chantier est réservé au personnel autorisé.
TRAVAIL	培训安全	l'accident du travail	n.m.	workplace accident	工伤事故	劳动法语境	Tout accident du travail doit être déclaré.
TRAVAIL	培训安全	la CNESST	n.f.	Quebec workplace health and safety board	魁北克劳动健康安全委员会	魁北克特有机构缩写，工伤赔付	La CNESST a ouvert une enquête.
TRAVAIL	培训安全	l'exercice d'évacuation	n.m.	fire drill	疏散演习	职场通知类	Un exercice d'évacuation aura lieu jeudi.
TRAVAIL	培训安全	le risque professionnel	n.m.	occupational risk	职业风险	安全培训	Les risques professionnels varient selon le poste.
TRAVAIL	团队协作	l'équipe / le travail d'équipe	n.f./n.m.	team / teamwork	团队/团队合作	求职与绩效高分	J'apprécie beaucoup le travail d'équipe.
TRAVAIL	团队协作	collaborer avec	v.	to collaborate with	与……协作	介词用 avec	Je collabore avec le service des finances.
TRAVAIL	团队协作	coordonner	v.	to coordinate	协调	项目管理	Elle coordonne l'ensemble du projet.
TRAVAIL	团队协作	tenir au courant	expr.	to keep informed	保持知会	职场沟通固定搭配	Je vous tiendrai au courant de l'avancement.
TRAVAIL	团队协作	faire le point	expr.	to take stock / to review progress	梳理进展	会议用语，高分	Faisons le point sur le dossier lundi.
TRAVAIL	团队协作	l'ambiance de travail	n.f.	work atmosphere	工作氛围	职场评价	L'ambiance de travail est excellente ici.
TRAVAIL	团队协作	le climat de confiance	n.m.	climate of trust	信任氛围	管理论述高分	Un climat de confiance améliore la productivité.
TRAVAIL	劳动法规	les normes du travail	n.f.pl.	employment standards	劳动标准	魁北克法定术语	Les normes du travail fixent le préavis minimal.
TRAVAIL	劳动法规	le jour férié	n.m.	statutory holiday	法定假日	加拿大常见	Lundi est un jour férié.
TRAVAIL	劳动法规	les congés annuels	n.m.pl.	annual leave	年假	雇佣条款	J'ai droit à trois semaines de congés annuels.
TRAVAIL	劳动法规	la convention collective	n.f.	collective agreement	集体协议	工会制度核心	La convention collective expire en décembre.
TRAVAIL	劳动法规	la cotisation syndicale	n.f.	union dues	工会会费	工资条扣款项	La cotisation syndicale est prélevée à la source.
TRAVAIL	劳动法规	l'entente de confidentialité	n.f.	non-disclosure agreement	保密协议	入职文件	Vous devez signer une entente de confidentialité.
TRAVAIL	劳动法规	le congédiement	n.m.	dismissal	解雇	加拿大用词，法国说 le licenciement	Le congédiement a été jugé abusif.
LOGEMENT	房屋结构	le sous-sol	n.m.	basement	地下室	加拿大住宅标配，常出租	Ils louent le sous-sol à un étudiant.
LOGEMENT	房屋结构	le rez-de-chaussée	n.m.	ground floor	一楼	法语区计层方式，二楼才是 premier étage	L'appartement est au rez-de-chaussée.
LOGEMENT	房屋结构	le balcon / la terrasse	n.m./n.f.	balcony / terrace	阳台/露台	租房卖点	Le balcon donne sur le parc.
LOGEMENT	房屋结构	le stationnement intérieur	n.m.	indoor parking	室内停车位	加拿大冬季重要卖点	Le stationnement intérieur coûte 100 dollars de plus.
LOGEMENT	房屋结构	la buanderie	n.f.	laundry room	洗衣房	公寓共用设施	La buanderie est au sous-sol.
LOGEMENT	房屋结构	l'ascenseur	n.m.	elevator	电梯	报修高频	L'ascenseur est hors service.
LOGEMENT	房屋结构	le chauffe-eau	n.m.	water heater	热水器	常见报修项	Le chauffe-eau doit être remplacé.
LOGEMENT	房屋结构	l'isolation	n.f.	insulation	保温	加拿大冬季关键	Une mauvaise isolation fait grimper la facture.
LOGEMENT	房屋结构	le détecteur de fumée	n.m.	smoke detector	烟雾报警器	法律强制安装	Le détecteur de fumée doit être vérifié chaque année.
LOGEMENT	房屋结构	les électroménagers	n.m.pl.	appliances	家用电器	加拿大用词，租房广告常见	Les électroménagers sont inclus.
LOGEMENT	房屋结构	le panneau électrique	n.m.	electrical panel	配电箱	电路故障	Le disjoncteur a sauté dans le panneau électrique.
LOGEMENT	家务生活	faire le ménage	expr.	to do the housework	做家务	固定搭配	Je fais le ménage le samedi matin.
LOGEMENT	家务生活	faire la lessive	expr.	to do the laundry	洗衣服	固定搭配，不说 laver les vêtements	Je fais la lessive deux fois par semaine.
LOGEMENT	家务生活	sortir les poubelles	expr.	to take out the garbage	倒垃圾	固定搭配	N'oublie pas de sortir les poubelles.
LOGEMENT	家务生活	passer l'aspirateur	expr.	to vacuum	吸尘	固定搭配	Je passe l'aspirateur tous les dimanches.
LOGEMENT	家务生活	le thermostat	n.m.	thermostat	温控器	加拿大冬季必备	Baissez le thermostat la nuit.
LOGEMENT	家务生活	la facture d'électricité	n.f.	electricity bill	电费账单	加拿大也说 facture d'Hydro	La facture d'électricité a doublé en janvier.
LOGEMENT	租房流程	la visite（看房）	n.f.	viewing	看房	租房流程	Une visite est prévue samedi à quatorze heures.
LOGEMENT	租房流程	l'enquête de crédit	n.f.	credit check	信用审查	加拿大租房必经	Le propriétaire a fait une enquête de crédit.
LOGEMENT	租房流程	la reconduction du bail	n.f.	lease renewal	租约续签	魁北克租约自动续签制度	La reconduction du bail est automatique.
LOGEMENT	租房流程	l'augmentation de loyer	n.f.	rent increase	涨租	受法律限制	L'augmentation de loyer doit être justifiée.
LOGEMENT	租房流程	l'avis de résiliation	n.m.	notice of termination	解约通知	正式文件名	J'ai envoyé un avis de résiliation.
LOGEMENT	租房流程	l'éviction / expulser	n.f./v.	eviction / to evict	驱逐	租房纠纷	Une éviction exige une décision du tribunal.
LOGEMENT	租房流程	le Tribunal administratif du logement	n.m.	housing tribunal	住房仲裁法庭	魁北克特有机构，原名 Régie du logement	Le litige a été porté devant le Tribunal administratif du logement.
LOGEMENT	租房流程	le cautionnement / l'endosseur	n.m.	guarantee / guarantor	担保/担保人	新移民租房常被要求	Un endosseur peut être exigé sans historique de crédit.
LOGEMENT	邻里社区	le quartier	n.m.	neighbourhood	街区	生活话题高频	J'habite dans un quartier tranquille.
LOGEMENT	邻里社区	le trottoir	n.m.	sidewalk	人行道	冬季除雪话题	Le trottoir est glissant ce matin.
LOGEMENT	邻里社区	le parc / l'aire de jeux	n.m./n.f.	park / playground	公园/游乐场	家庭生活	L'aire de jeux a été rénovée.
LOGEMENT	邻里社区	la bibliothèque de quartier	n.f.	local library	社区图书馆	免费资源	La bibliothèque de quartier offre des ateliers.
LOGEMENT	邻里社区	l'arrondissement	n.m.	borough	城区	蒙特利尔行政划分，特有用词	Chaque arrondissement gère ses propres services.
LOGEMENT	邻里社区	la collecte des ordures	n.f.	garbage collection	垃圾收运	市政服务	La collecte des ordures a lieu le mercredi.
LOGEMENT	邻里社区	le bac de recyclage	n.m.	recycling bin	回收箱	加拿大分类容器	Sortez le bac de recyclage la veille.
LOGEMENT	邻里社区	la réunion de copropriété	n.f.	condo owners' meeting	业主大会	共管公寓治理	La réunion de copropriété aura lieu en mars.
LOGEMENT	邻里社区	la pétition	n.f.	petition	请愿	社区行动	Les résidents ont signé une pétition.
LOGEMENT	邻里社区	le zonage	n.m.	zoning	土地用途分区	城市规划	Le zonage interdit les commerces dans cette rue.
SANTE	科室人员	l'infirmière praticienne	n.f.	nurse practitioner	执业护士	加拿大可独立开药，缓解医生短缺	Une infirmière praticienne peut renouveler l'ordonnance.
SANTE	科室人员	l'ambulancier / le paramédic	n.m.	paramedic	急救员	加拿大用 paramédic	Les ambulanciers sont arrivés en dix minutes.
SANTE	科室人员	le physiothérapeute / la physiothérapie	n.m./n.f.	physiotherapist / physiotherapy	理疗师/理疗	加拿大常见补充保险项目	Je suis en physiothérapie depuis un mois.
SANTE	科室人员	le dentiste / l'hygiéniste dentaire	n.m.	dentist / dental hygienist	牙医/洁牙师	牙科通常不在公费范围	Le dentiste n'est pas couvert par la RAMQ.
SANTE	科室人员	l'optométriste	n.m.	optometrist	验光师	视力检查	L'examen chez l'optométriste coûte 90 dollars.
SANTE	科室人员	le chirurgien / la chirurgie	n.m./n.f.	surgeon / surgery	外科医生/手术	医疗场景	Elle attend une chirurgie au genou.
SANTE	科室人员	le proche aidant	n.m.	family caregiver	家庭照护者	魁北克老龄化议题高频用词	Les proches aidants reçoivent peu de soutien.
SANTE	检查治疗	le bilan de santé	n.m.	health check-up	体检	年度检查	Je fais un bilan de santé chaque année.
SANTE	检查治疗	la prise de sang	n.f.	blood test	抽血化验	常见检查	La prise de sang se fait à jeun.
SANTE	检查治疗	la radiographie / l'échographie	n.f.	X-ray / ultrasound	X 光/超声	影像检查	La radiographie n'a révélé aucune fracture.
SANTE	检查治疗	le diagnostic	n.m.	diagnosis	诊断	医疗核心词	Un diagnostic précoce améliore le pronostic.
SANTE	检查治疗	le traitement	n.m.	treatment	治疗	suivre un traitement	Le traitement dure six semaines.
SANTE	检查治疗	la posologie	n.f.	dosage	用药剂量	药品说明书用词	Respectez la posologie indiquée.
SANTE	检查治疗	le renouvellement d'ordonnance	n.m.	prescription refill	续方	药房场景	Le renouvellement d'ordonnance se fait en ligne.
SANTE	检查治疗	le médicament générique	n.m.	generic drug	仿制药	省钱选项	Le médicament générique coûte trois fois moins cher.
SANTE	检查治疗	le suivi	n.m.	follow-up	随访/跟进	医疗与行政双用	Un suivi est prévu dans un mois.
SANTE	检查治疗	la convalescence	n.f.	recovery period	康复期	术后	Il est en convalescence depuis deux semaines.
SANTE	急救突发	l'entorse / la fracture	n.f.	sprain / fracture	扭伤/骨折	常见伤情	Je me suis fait une entorse à la cheville.
SANTE	急救突发	la réaction allergique	n.f.	allergic reaction	过敏反应	急诊常见	Il a eu une réaction allergique aux arachides.
SANTE	急救突发	la commotion cérébrale	n.f.	concussion	脑震荡	运动与跌倒	Le joueur a subi une commotion cérébrale.
SANTE	急救突发	l'ambulance	n.f.	ambulance	救护车	加拿大通常需自付部分费用	Le transport en ambulance n'est pas gratuit.
SANTE	急救突发	la réanimation cardiorespiratoire (RCR)	n.f.	CPR	心肺复苏	急救培训缩写	Tous les sauveteurs sont formés en RCR.
SANTE	急救突发	le triage	n.m.	triage	分诊	急诊流程	Le triage détermine l'ordre de passage.
SANTE	急救突发	les engelures / l'hypothermie	n.f.	frostbite / hypothermia	冻伤/体温过低	加拿大冬季风险	Les engelures apparaissent en quelques minutes par grand froid.
SANTE	急救突发	le coup de chaleur	n.m.	heatstroke	中暑	夏季风险	Les aînés sont plus vulnérables au coup de chaleur.
SANTE	照护人群	l'aîné / la personne âgée	n.m./n.f.	senior / elderly person	长者	加拿大法语用 aîné，更中性	Les aînés bénéficient d'un tarif réduit.
SANTE	照护人群	le CHSLD	n.m.	long-term care home	长期护理中心	魁北克特有缩写，社会议题核心	Les CHSLD manquent de personnel.
SANTE	照护人群	les soins à domicile	n.m.pl.	home care	居家照护	老龄化政策	Les soins à domicile permettent de rester chez soi.
SANTE	照护人群	la résidence pour personnes âgées	n.f.	seniors' residence	养老院	居住选项	Mes parents vivent en résidence pour personnes âgées.
SANTE	照护人群	le handicap / en situation de handicap	n.m./loc.	disability	残障	加拿大标准中性表述	Les personnes en situation de handicap ont un accès prioritaire.
SANTE	照护人群	le pédiatre	n.m.	pediatrician	儿科医生	儿童保健	Le pédiatre suit mon fils depuis sa naissance.
SANTE	照护人群	le calendrier de vaccination	n.m.	immunisation schedule	免疫接种时间表	儿童保健	Suivez le calendrier de vaccination recommandé.
SANTE	照护人群	le suivi de grossesse	n.m.	prenatal care	产检	孕产	Le suivi de grossesse est entièrement couvert.
SANTE	加拿大制度	le système de santé universel	n.m.	universal health care	全民医保	加拿大制度标志	Le système de santé universel est un choix de société.
SANTE	加拿大制度	médicalement nécessaire	adj.	medically necessary	医疗必需的	决定是否报销的标准	Seuls les soins médicalement nécessaires sont couverts.
SANTE	加拿大制度	non couvert par le régime public	loc.	not covered by the public plan	不在公费范围	牙科视力药费	Les soins dentaires ne sont pas couverts par le régime public.
SANTE	加拿大制度	le temps d'attente	n.m.	wait time	等候时间	加拿大医疗体系主要批评点	Les temps d'attente en chirurgie restent longs.
SANTE	加拿大制度	le GMF (groupe de médecine familiale)	n.m.	family medicine group	家庭医学组	魁北克基层医疗组织，特有缩写	Je suis inscrit dans un GMF près de chez moi.
SANTE	加拿大制度	la téléconsultation	n.f.	virtual care	远程问诊	疫情后普及	La téléconsultation évite bien des déplacements.
SANTE	加拿大制度	l'assurance médicaments	n.f.	drug insurance	药物保险	魁北克强制参保，特有制度	L'assurance médicaments est obligatoire au Québec.
SANTE	加拿大制度	la crise des opioïdes	n.f.	opioid crisis	阿片类药物危机	加拿大重大社会议题	La crise des opioïdes touche tout le pays.
SANTE	加拿大制度	la santé publique	n.f.	public health	公共卫生	机构与领域	La santé publique a émis un avertissement.
SANTE	加拿大制度	la pénurie de personnel soignant	n.f.	shortage of health workers	医护人员短缺	当前核心议题	La pénurie de personnel soignant s'aggrave.
ARGENT	工资税务	le talon de paie	n.m.	pay stub	工资条	加拿大用词	Les retenues figurent sur le talon de paie.
ARGENT	工资税务	les retenues à la source	n.f.pl.	payroll deductions	源泉扣缴	工资条核心项	Les retenues à la source comprennent l'impôt et le RRQ.
ARGENT	工资税务	le RRQ / le RPC	n.m.	Quebec / Canada Pension Plan	魁北克/加拿大退休金计划	魁北克用 RRQ，其他省用 RPC，特有区分	Les cotisations au RRQ sont obligatoires.
ARGENT	工资税务	le relevé 1 / le feuillet T4	n.m.	tax slips	报税单据	魁北克要同时报联邦和省两份，特有制度	Vous recevrez un T4 et un relevé 1.
ARGENT	工资税务	l'impôt fédéral / provincial	n.m.	federal / provincial tax	联邦税/省税	加拿大双层税制	Le Québec perçoit son propre impôt provincial.
ARGENT	工资税务	le remboursement d'impôt	n.m.	tax refund	退税	报税结果	J'ai reçu un remboursement d'impôt de 800 dollars.
ARGENT	工资税务	le crédit d'impôt	n.m.	tax credit	税收抵免	报税优惠	Il existe un crédit d'impôt pour les frais de garde.
ARGENT	工资税务	la déduction	n.f.	deduction	扣除项	报税术语	Les cotisations au REER sont déductibles.
ARGENT	购物消费	le magasin à grande surface	n.m.	big-box store	大卖场	加拿大零售形态	Les magasins à grande surface sont en banlieue.
ARGENT	购物消费	la circulaire	n.f.	flyer / weekly ad	促销传单	加拿大特有说法，每周派送	J'ai vu ce prix dans la circulaire.
ARGENT	购物消费	la politique de retour	n.f.	return policy	退货政策	消费维权	La politique de retour est de trente jours.
ARGENT	购物消费	la preuve d'achat	n.f.	proof of purchase	购买凭证	退货必需	Conservez votre preuve d'achat.
ARGENT	购物消费	le crédit en magasin	n.m.	store credit	店内代金	退款替代	Ils offrent un crédit en magasin, pas un remboursement.
ARGENT	购物消费	en vrac	loc.	in bulk	散装/批量	省钱与环保	Acheter en vrac réduit les emballages.
ARGENT	购物消费	la date de péremption	n.f.	expiry date	保质期	食品标签	Vérifiez la date de péremption.
ARGENT	购物消费	le point de fidélité	n.m.	loyalty point	积分	加拿大零售普遍	J'ai échangé mes points de fidélité.
ARGENT	贷款债务	le prêt hypothécaire	n.m.	mortgage loan	房贷	加拿大购房	Le prêt hypothécaire s'étale sur 25 ans.
ARGENT	贷款债务	le taux fixe / le taux variable	n.m.	fixed / variable rate	固定/浮动利率	房贷选择	Nous avons choisi un taux fixe de cinq ans.
ARGENT	贷款债务	la préautorisation	n.f.	pre-approval	贷款预批	买房第一步	Nous avons obtenu une préautorisation hypothécaire.
ARGENT	贷款债务	la marge de crédit	n.f.	line of credit	信用额度	加拿大常见借贷	La marge de crédit a un taux plus bas.
ARGENT	贷款债务	l'endettement	n.m.	indebtedness	负债	个人理财议题	L'endettement des ménages atteint un record.
ARGENT	贷款债务	le défaut de paiement	n.m.	default	拖欠还款	信贷风险	Un défaut de paiement nuit au dossier de crédit.
ARGENT	贷款债务	la faillite personnelle	n.f.	personal bankruptcy	个人破产	极端财务情形	La faillite personnelle reste rare.
ARGENT	退休理财	la retraite / prendre sa retraite	n.f./v.	retirement / to retire	退休	生活规划	Il prend sa retraite l'an prochain.
ARGENT	退休理财	la pension de vieillesse	n.f.	Old Age Security	老年保障金	加拿大 65 岁起的联邦福利	La pension de vieillesse commence à 65 ans.
ARGENT	退休理财	les droits de cotisation	n.m.pl.	contribution room	供款额度	REER/CELI 特有概念	Vérifiez vos droits de cotisation au CELI.
ARGENT	退休理财	le placement / investir	n.m./v.	investment / to invest	投资	理财基础	Une partie de mon salaire est placée chaque mois.
ARGENT	退休理财	le fonds commun de placement	n.m.	mutual fund	共同基金	常见产品	Mes placements sont surtout en fonds communs.
ARGENT	退休理财	le conseiller financier	n.m.	financial advisor	理财顾问	银行服务	J'ai rencontré un conseiller financier.
ARGENT	消费保护	la fraude / l'escroquerie	n.f.	fraud / scam	诈骗	加拿大公共提醒高频	Les aînés sont souvent visés par ces fraudes.
ARGENT	消费保护	le vol d'identité	n.m.	identity theft	身份盗用	NAS 泄露风险	Protégez votre NAS contre le vol d'identité.
ARGENT	消费保护	contester des frais	expr.	to dispute a charge	对收费提出异议	信用卡维权	J'ai contesté des frais sur mon relevé.
ARGENT	消费保护	les frais cachés	n.m.pl.	hidden fees	隐藏费用	投诉高频	Le contrat comportait des frais cachés.
ARGENT	消费保护	le délai de rétractation	n.m.	cooling-off period	反悔期	加拿大消费者保护法特有	Vous disposez d'un délai de rétractation de dix jours.
ARGENT	消费保护	l'Office de la protection du consommateur	n.m.	consumer protection office	消费者保护局	魁北克特有机构	J'ai déposé une plainte à l'Office de la protection du consommateur.
ARGENT	消费保护	la Cour des petites créances	n.f.	small claims court	小额索赔法庭	加拿大维权途径	Le litige ira à la Cour des petites créances.
TRANSPORT	冬季路况	la chaussée glissante	n.f.	slippery road	路面湿滑	加拿大冬季路况警示	Attention, chaussée glissante.
TRANSPORT	冬季路况	la fermeture de route	n.f.	road closure	道路封闭	冬季通告	Une fermeture de route est en vigueur sur l'autoroute 20.
TRANSPORT	冬季路况	le pare-brise / les essuie-glaces	n.m.pl.	windshield / wipers	挡风玻璃/雨刮	冬季驾车	Dégagez la neige du pare-brise avant de partir.
TRANSPORT	冬季路况	le chauffe-moteur	n.m.	block heater	发动机预热器	加拿大严寒地区特有装置	Branchez le chauffe-moteur la nuit.
TRANSPORT	冬季路况	le remorquage / faire remorquer	n.m./v.	towing / to have towed	拖车	违停与故障	Ma voiture a été remorquée.
TRANSPORT	冬季路况	la collision / l'accrochage	n.f./n.m.	collision / fender bender	碰撞/小刮蹭	保险场景	J'ai eu un accrochage dans le stationnement.
TRANSPORT	冬季路况	le constat amiable	n.m.	accident report form	事故协议书	保险流程	Remplissez un constat amiable sur place.
TRANSPORT	冬季路况	la priorité / céder le passage	n.f./v.	right of way / to yield	路权/让行	交通规则	Il faut céder le passage aux piétons.
TRANSPORT	冬季路况	le piéton / le cycliste	n.m.	pedestrian / cyclist	行人/骑车人	城市交通议题	Les pistes cyclables protègent les cyclistes.
TRANSPORT	冬季路况	la piste cyclable	n.f.	bike lane	自行车道	城市规划议题	La ville a ajouté vingt kilomètres de pistes cyclables.
TRANSPORT	机场航班	l'escale	n.f.	stopover / layover	经停	行程安排	Nous avons une escale de trois heures à Toronto.
TRANSPORT	机场航班	la correspondance（航班）	n.f.	connecting flight	转机	机场场景	J'ai raté ma correspondance.
TRANSPORT	机场航班	l'enregistrement	n.m.	check-in	值机	机场流程	L'enregistrement ferme 45 minutes avant le départ.
TRANSPORT	机场航班	la carte d'embarquement	n.f.	boarding pass	登机牌	机场文件	Téléchargez votre carte d'embarquement dans l'application.
TRANSPORT	机场航班	le vol surréservé	n.m.	overbooked flight	超售航班	投诉场景	Le vol était surréservé et j'ai été refusé.
TRANSPORT	机场航班	l'indemnisation	n.f.	compensation	赔偿	加拿大航空旅客保护条例	Une indemnisation est prévue en cas de retard important.
TRANSPORT	机场航班	déclarer à la douane	expr.	to declare at customs	向海关申报	入境流程	Vous devez déclarer tout montant supérieur à 10 000 dollars.
TRANSPORT	机场航班	l'assurance voyage	n.f.	travel insurance	旅游保险	出境加拿大必备	L'assurance voyage est essentielle aux États-Unis.
TRANSPORT	住宿旅游	l'hébergement	n.f.	accommodation	住宿	旅游与安置双用	L'hébergement est inclus dans le forfait.
TRANSPORT	住宿旅游	le forfait	n.m.	package deal	套餐/套票	旅游与电信双用	Le forfait comprend le vol et l'hôtel.
TRANSPORT	住宿旅游	la haute saison / la basse saison	n.f.	peak / off season	旺季/淡季	定价	Les tarifs baissent en basse saison.
TRANSPORT	住宿旅游	le camping / le terrain de camping	n.m.	camping / campground	露营/营地	加拿大夏季热门	Les terrains de camping se réservent des mois à l'avance.
TRANSPORT	住宿旅游	le sentier de randonnée	n.m.	hiking trail	徒步路线	户外活动	Le sentier de randonnée est fermé jusqu'en juin.
TRANSPORT	住宿旅游	le parc national	n.m.	national park	国家公园	加拿大旅游特色	Un laissez-passer est requis pour le parc national.
TRANSPORT	住宿旅游	la faune	n.f.	wildlife	野生动物	户外提示	Il est interdit de nourrir la faune.
TRANSPORT	住宿旅游	la visite guidée	n.f.	guided tour	导览游	旅游服务	Une visite guidée part toutes les heures.
TRANSPORT	通勤出行	le navetteur	n.m.	commuter	通勤者	加拿大法语用词	Les navetteurs perdent une heure par jour.
TRANSPORT	通勤出行	le stationnement incitatif	n.m.	park and ride	停车换乘	加拿大通勤设施，特有用词	Il y a un stationnement incitatif au terminus.
TRANSPORT	通勤出行	la société de transport	n.f.	transit authority	公交公司	加拿大市政机构，如 STM	La société de transport a modifié ses horaires.
TRANSPORT	通勤出行	la carte OPUS	n.f.	transit card	交通卡	魁北克特有卡名	Rechargez votre carte OPUS avant de monter.
EDUCATION	魁北克学制	la maternelle	n.f.	kindergarten	幼儿园	魁北克公立教育起点	La maternelle commence à cinq ans.
EDUCATION	魁北克学制	le primaire / le secondaire	n.m.	elementary / secondary school	小学/中学	魁北克 secondaire 是五年制	Mon fils entre au secondaire cette année.
EDUCATION	魁北克学制	le secondaire 5	n.m.	final year of high school	中学五年级	魁北克特有，相当于高中毕业年	Il termine son secondaire 5 en juin.
EDUCATION	魁北克学制	le DEC (diplôme d'études collégiales)	n.m.	college diploma	学院文凭	cégep 的毕业文凭，魁北克特有	Le DEC technique mène directement au marché du travail.
EDUCATION	魁北克学制	le baccalauréat	n.m.	bachelor's degree	学士学位	魁北克指本科，与法国高中会考同词不同义，重要考点	J'ai un baccalauréat en génie.
EDUCATION	魁北克学制	la maîtrise / le doctorat	n.f./n.m.	master's / doctorate	硕士/博士	加拿大法语用 maîtrise	Elle termine sa maîtrise en santé publique.
EDUCATION	魁北克学制	la session	n.f.	semester	学期	加拿大法语用 session，法国说 semestre	La session d'automne commence fin août.
EDUCATION	魁北克学制	le trimestre	n.m.	term	学季	大学学期划分	Le trimestre d'hiver se termine en avril.
EDUCATION	魁北克学制	la semaine de relâche	n.f.	reading week / spring break	春假周	魁北克特有说法	La semaine de relâche tombe début mars.
EDUCATION	魁北克学制	la journée pédagogique	n.f.	professional development day	教师培训日（学生放假）	魁北克特有，家长必知	Il y a une journée pédagogique vendredi.
EDUCATION	魁北克学制	la collation des grades	n.f.	convocation	毕业典礼	加拿大法语用词	La collation des grades a lieu en juin.
EDUCATION	课程学习	le plan de cours	n.m.	course outline	教学大纲	开学第一周	Le plan de cours indique toutes les échéances.
EDUCATION	课程学习	le cours magistral / le séminaire	n.m.	lecture / seminar	大课/研讨课	课型	Les séminaires comptent quinze étudiants au maximum.
EDUCATION	课程学习	le travail d'équipe（作业）	n.m.	group project	小组作业	常见任务	Le travail d'équipe compte pour trente pour cent.
EDUCATION	课程学习	l'exposé oral	n.m.	oral presentation	口头报告	课堂任务	Chaque étudiant fait un exposé oral de dix minutes.
EDUCATION	课程学习	le plagiat	n.m.	plagiarism	抄袭	学术诚信，后果严重	Le plagiat entraîne l'échec du cours.
EDUCATION	课程学习	la bibliographie / la référence	n.f.	bibliography / reference	参考文献/引用	学术规范	Chaque source doit figurer dans la bibliographie.
EDUCATION	课程学习	le brouillon / réviser	n.m./v.	draft / to revise	草稿/修改	写作流程	J'ai remis un premier brouillon.
EDUCATION	课程学习	l'examen de mi-session / final	n.m.	midterm / final exam	期中/期末考试	评估节点	L'examen de mi-session a lieu en octobre.
EDUCATION	课程学习	réussir / échouer	v.	to pass / to fail	通过/挂科	注意 passer un examen 只是参加	Il faut 60 pour cent pour réussir.
EDUCATION	课程学习	la note / le relevé de notes	n.f./n.m.	grade / transcript	分数/成绩单	申请材料	Commandez un relevé de notes officiel.
EDUCATION	课程学习	le registraire	n.m.	registrar	教务处	加拿大高校机构	Adressez-vous au registraire pour votre inscription.
EDUCATION	课程学习	abandonner un cours	v.	to drop a course	退课	有截止日期	On peut abandonner un cours avant le 31 octobre.
EDUCATION	课程学习	le conseiller pédagogique	n.m.	academic advisor	学业顾问	选课规划	Le conseiller pédagogique vous aidera à choisir.
EDUCATION	资助费用	le prêt et bourse	n.m.	student loans and grants	助学贷款与助学金	魁北克特有的资助项目名	J'ai fait une demande de prêt et bourse.
EDUCATION	资助费用	les droits de scolarité	n.m.pl.	tuition fees	学费	加拿大法语用词，永远复数	Les droits de scolarité augmentent chaque année.
EDUCATION	资助费用	l'étudiant étranger	n.m.	international student	国际学生	学费通常是本地生数倍	Les étudiants étrangers paient trois fois plus.
EDUCATION	资助费用	le permis d'études	n.m.	study permit	学习许可	签证类型	Le permis d'études doit être renouvelé chaque année.
EDUCATION	资助费用	l'exemption des droits de scolarité	n.f.	tuition fee exemption	学费减免	奖学金形式	La bourse inclut une exemption des droits de scolarité.
EDUCATION	成人培训	le cours du soir	n.m.	evening class	夜校课程	在职学习	Je suis un cours du soir deux fois par semaine.
EDUCATION	成人培训	la formation à distance	n.f.	distance learning	远程学习	灵活学习方式	La formation à distance convient aux parents.
EDUCATION	成人培训	l'atelier	n.m.	workshop	工作坊	短期培训	La bibliothèque offre des ateliers de recherche d'emploi.
EDUCATION	成人培训	la mise à niveau	n.f.	upgrading	补修/进修	成人教育术语	Une mise à niveau en mathématiques est offerte.
EDUCATION	成人培训	la reconnaissance des acquis	n.f.	prior learning recognition	已有学习成果认定	加拿大成人教育机制	La reconnaissance des acquis peut raccourcir le programme.
EDUCATION	成人培训	l'examen d'admission à l'ordre	n.m.	professional licensing exam	执业资格考试	受监管职业准入	Il prépare l'examen d'admission à l'ordre des ingénieurs.
EDUCATION	成人培训	la profession réglementée	n.f.	regulated profession	受监管职业	加拿大特有概念	L'infirmière est une profession réglementée.
EDUCATION	成人培训	le stage rémunéré	n.m.	paid internship	带薪实习	就业导向培养	Le programme inclut un stage rémunéré.
EDUCATION	成人培训	l'alternance travail-études	n.f.	co-op program	工学交替	加拿大高校特色	L'alternance travail-études facilite l'embauche.
EDUCATION	教育议题	la taille des classes	n.f.	class size	班级规模	教育政策议题	La taille des classes influe sur la réussite.
EDUCATION	教育议题	la réussite scolaire	n.f.	academic success	学业成功	魁北克教育话语核心词	La réussite scolaire dépend aussi du milieu familial.
EDUCATION	教育议题	l'analphabétisme / la littératie	n.m./n.f.	illiteracy / literacy	文盲/读写能力	教育评估	La littératie des adultes reste préoccupante.
EDUCATION	教育议题	la formation tout au long de la vie	n.f.	lifelong learning	终身学习	议论高分表达	La formation tout au long de la vie devient la norme.
EDUCATION	教育议题	l'inadéquation des compétences	n.f.	skills mismatch	技能错配	就业教育交叉议题	On observe une inadéquation des compétences sur le marché.
EDUCATION	教育议题	la petite enfance	n.f.	early childhood	幼儿期	魁北克托育政策热点	Les services de garde à la petite enfance sont subventionnés.
EDUCATION	教育议题	l'école publique / privée	n.f.	public / private school	公立/私立学校	魁北克教育争议	Le financement de l'école privée fait débat.
SOCIETE	政治制度	le gouvernement fédéral / provincial	n.m.	federal / provincial government	联邦/省政府	加拿大两级管辖，必备概念	La santé relève du gouvernement provincial.
SOCIETE	政治制度	le premier ministre	n.m.	Prime Minister / Premier	总理/省长	联邦和省都用这个词，靠上下文区分	Le premier ministre du Québec a annoncé le budget.
SOCIETE	政治制度	le député	n.m.	Member of Parliament / MNA	议员	联邦与省级均可用	Notre députée a tenu une rencontre citoyenne.
SOCIETE	政治制度	le conseiller municipal / le maire	n.m.	city councillor / mayor	市议员/市长	市政层级	Le maire a présenté le plan de déneigement.
SOCIETE	政治制度	la circonscription	n.f.	riding / electoral district	选区	加拿大选举制度	Il y a 338 circonscriptions fédérales.
SOCIETE	政治制度	les élections / le scrutin	n.f.pl./n.m.	elections / ballot	选举/投票	选举词汇	Le scrutin aura lieu le 20 octobre.
SOCIETE	政治制度	le droit de vote	n.m.	right to vote	投票权	只有公民有，PR 没有	Les résidents permanents n'ont pas le droit de vote.
SOCIETE	政治制度	la consultation publique	n.f.	public consultation	公众咨询	加拿大决策流程	Une consultation publique est en cours.
SOCIETE	政治制度	la Charte canadienne des droits et libertés	n.f.	Canadian Charter of Rights and Freedoms	加拿大权利与自由宪章	宪法核心文件	La Charte garantit la liberté d'expression.
SOCIETE	政治制度	le recensement	n.m.	census	人口普查	每五年一次	Le recensement révèle une croissance rapide.
SOCIETE	社会议题	l'inégalité sociale	n.f.	social inequality	社会不平等	议论核心	Les inégalités sociales se creusent.
SOCIETE	社会议题	l'exclusion sociale	n.f.	social exclusion	社会排斥	与 intégration 相对	L'exclusion sociale touche surtout les jeunes sans emploi.
SOCIETE	社会议题	la cohésion sociale	n.f.	social cohesion	社会凝聚力	高分抽象名词	Le bénévolat renforce la cohésion sociale.
SOCIETE	社会议题	le tissu social	n.m.	social fabric	社会结构	高分比喻表达	Ces organismes soutiennent le tissu social.
SOCIETE	社会议题	la solidarité	n.f.	solidarity	互助团结	法语区公共话语核心词	La solidarité entre voisins s'est manifestée pendant la tempête.
SOCIETE	社会议题	la mixité sociale	n.f.	social diversity / mixing	社会混合	城市规划议题	Les nouveaux quartiers favorisent la mixité sociale.
SOCIETE	社会议题	la xénophobie / le racisme	n.f./n.m.	xenophobia / racism	排外/种族主义	社会议题	Les campagnes luttent contre le racisme ordinaire.
SOCIETE	社会议题	le racisme systémique	n.m.	systemic racism	系统性种族主义	加拿大公共辩论热点	Le rapport évoque le racisme systémique.
SOCIETE	社会议题	l'accommodement raisonnable	n.m.	reasonable accommodation	合理便利安排	加拿大法律概念，魁北克辩论焦点	L'accommodement raisonnable fait l'objet de débats.
SOCIETE	社会议题	la liberté religieuse	n.f.	religious freedom	宗教自由	与 laïcité 辩论相关	La liberté religieuse est protégée par la Charte.
SOCIETE	社会议题	la Loi 21	n.f.	Bill 21 (secularism law)	21 号法案（世俗主义法）	魁北克重大争议立法	La Loi 21 interdit certains signes religieux.
SOCIETE	社会议题	le clivage	n.m.	divide / cleavage	分裂/分歧	社会分析高分词	Un clivage se creuse entre villes et régions.
SOCIETE	社会议题	le débat public	n.m.	public debate	公共辩论	议论框架词	Ce sujet domine le débat public.
SOCIETE	社会议题	l'opinion publique	n.f.	public opinion	公众舆论	议论高频	L'opinion publique a évolué sur cette question.
SOCIETE	移民融入	le réfugié / le demandeur d'asile	n.m.	refugee / asylum seeker	难民/寻求庇护者	移民类别区分	Le Canada accueille des milliers de réfugiés chaque année.
SOCIETE	移民融入	le travailleur étranger temporaire	n.m.	temporary foreign worker	临时外籍劳工	加拿大特有项目	Les travailleurs étrangers temporaires soutiennent l'agriculture.
SOCIETE	移民融入	la barrière linguistique	n.f.	language barrier	语言障碍	移民议题核心	La barrière linguistique freine l'accès à l'emploi.
SOCIETE	移民融入	la déqualification	n.f.	deskilling / underemployment	技能贬值	移民就业核心问题，高分词	La déqualification touche de nombreux immigrants diplômés.
SOCIETE	移民融入	le choc culturel	n.m.	culture shock	文化冲击	移民经历，Tâche 2 高频	J'ai vécu un choc culturel les premiers mois.
SOCIETE	移民融入	le réseau social（人脉）	n.m.	social network	人脉网络	与在线社交媒体同词，靠上下文区分	Construire un réseau social prend du temps.
SOCIETE	移民融入	le mentorat	n.m.	mentoring	导师制	就业支持	Le mentorat aide les nouveaux arrivants à s'intégrer.
SOCIETE	移民融入	le jumelage	n.m.	pairing / twinning	结对帮扶	魁北克融入项目形式	Un jumelage linguistique est proposé aux nouveaux arrivants.
SOCIETE	移民融入	la double citoyenneté	n.f.	dual citizenship	双重国籍	加拿大允许	Le Canada reconnaît la double citoyenneté.
SOCIETE	家庭关系	le foyer / le ménage	n.m.	household	家庭/住户	统计与经济语境	Le revenu médian des ménages a augmenté.
SOCIETE	家庭关系	la conciliation famille-travail	n.f.	work-family balance	家庭与工作平衡	魁北克标准表述	La conciliation famille-travail reste difficile.
SOCIETE	家庭关系	le service de garde	n.m.	childcare service	托儿服务	魁北克补贴制度	Les services de garde subventionnés coûtent 9 dollars par jour.
SOCIETE	家庭关系	la pension alimentaire	n.f.	child / spousal support	抚养费	离婚语境	La pension alimentaire est fixée par le tribunal.
SOCIETE	家庭关系	le conjoint de fait	n.m.	common-law partner	事实婚姻伴侣	加拿大法律概念，移民担保相关	Les conjoints de fait ont des droits similaires.
SOCIETE	家庭关系	la natalité / le taux de natalité	n.f.	birth rate	出生率	人口议题	Le taux de natalité est en baisse constante.
SOCIETE	家庭关系	l'espérance de vie	n.f.	life expectancy	预期寿命	人口统计	L'espérance de vie continue d'augmenter.
SOCIETE	家庭关系	le troisième âge	n.m.	old age / seniors	老年期	委婉表达	Les activités du troisième âge sont gratuites.
SOCIETE	公民参与	l'organisme sans but lucratif (OSBL)	n.m.	non-profit organisation	非营利组织	魁北克特有缩写	L'OSBL gère la banque alimentaire du quartier.
SOCIETE	公民参与	la collecte de fonds	n.f.	fundraiser	募捐活动	社区活动，Tâche 1 题材	L'école organise une collecte de fonds.
SOCIETE	公民参与	le don / faire un don	n.m./v.	donation / to donate	捐赠	公益语境	J'ai fait un don à la banque alimentaire.
SOCIETE	公民参与	la campagne de sensibilisation	n.f.	awareness campaign	宣传活动	公益固定搭配	Une campagne de sensibilisation a été lancée.
SOCIETE	公民参与	s'engager / l'engagement citoyen	v./n.m.	to get involved / civic engagement	参与/公民参与	高分表达	L'engagement citoyen est plus fort chez les aînés.
ENVIRO	日常环保	réutilisable / jetable	adj.	reusable / disposable	可重复使用的/一次性的	对立词组	Apportez un sac réutilisable au magasin.
ENVIRO	日常环保	biodégradable / compostable	adj.	biodegradable / compostable	可降解的/可堆肥的	产品标签用词	Les contenants compostables vont au bac brun.
ENVIRO	日常环保	le bac brun / le bac bleu	n.m.	compost bin / recycling bin	厨余桶/回收箱	魁北克市政分类容器，特有说法	Le bac brun est ramassé le lundi.
ENVIRO	日常环保	la collecte sélective	n.f.	selective waste collection	分类收运	市政服务术语	La collecte sélective a lieu aux deux semaines.
ENVIRO	日常环保	la consigne	n.f.	deposit-return	饮料瓶押金回收	魁北克特有制度	La consigne sur les bouteilles a été élargie.
ENVIRO	日常环保	économe en énergie	adj.	energy-efficient	节能的	家电与建筑	Les appareils économes en énergie réduisent la facture.
ENVIRO	日常环保	la thermopompe	n.f.	heat pump	热泵	魁北克取暖转型热点，加拿大法语用词	La thermopompe remplace le chauffage au mazout.
ENVIRO	日常环保	la subvention à la rénovation	n.f.	renovation rebate	改造补贴	政府激励	Une subvention à la rénovation couvre l'isolation.
ENVIRO	日常环保	la voiture électrique	n.f.	electric vehicle	电动车	交通减排	Les ventes de voitures électriques ont doublé.
ENVIRO	日常环保	la borne de recharge	n.f.	charging station	充电桩	基础设施	Des bornes de recharge sont installées partout.
ENVIRO	气候影响	la tarification du carbone	n.f.	carbon pricing	碳定价	加拿大核心政策争议	La tarification du carbone divise les partis.
ENVIRO	气候影响	la carboneutralité	n.f.	carbon neutrality	碳中和	政策目标	Le Canada vise la carboneutralité d'ici 2050.
ENVIRO	气候影响	la compensation carbone	n.f.	carbon offset	碳抵消	企业减排手段	Les compagnies aériennes proposent une compensation carbone.
ENVIRO	气候影响	l'inondation	n.f.	flooding	洪水	加拿大气候灾害	Les inondations printanières sont de plus en plus fréquentes.
ENVIRO	气候影响	la sécheresse	n.f.	drought	干旱	西部省份问题	La sécheresse a réduit les récoltes.
ENVIRO	气候影响	la qualité de l'air	n.f.	air quality	空气质量	野火季高频	La qualité de l'air était mauvaise toute la semaine.
ENVIRO	气候影响	le pergélisol	n.m.	permafrost	永久冻土	加拿大北部特有议题	La fonte du pergélisol endommage les routes.
ENVIRO	气候影响	la fonte des glaces	n.f.	ice melt	冰川融化	气候后果	La fonte des glaces s'accélère dans l'Arctique.
ENVIRO	气候影响	l'adaptation / l'atténuation	n.f.	adaptation / mitigation	适应/减缓	气候政策两条路径，区分是考点	L'adaptation prépare aux impacts, l'atténuation réduit les émissions.
ENVIRO	气候影响	la transition écologique	n.f.	green transition	生态转型	法语区政策核心表述	La transition écologique exige des investissements majeurs.
ENVIRO	自然资源	le bassin versant	n.m.	watershed	流域	水资源管理	Le bassin versant alimente toute la région.
ENVIRO	自然资源	la déforestation	n.f.	deforestation	森林砍伐	全球议题	La déforestation menace la biodiversité.
ENVIRO	自然资源	la perte d'habitat	n.f.	habitat loss	栖息地丧失	生态议题	La perte d'habitat est la principale menace.
ENVIRO	自然资源	l'espèce menacée	n.f.	endangered species	濒危物种	保护议题	Le caribou est une espèce menacée.
ENVIRO	自然资源	l'aire protégée	n.f.	protected area	保护区	国土政策	Le Canada veut protéger 30 pour cent de son territoire.
ENVIRO	自然资源	les ressources naturelles	n.f.pl.	natural resources	自然资源	加拿大经济支柱	L'économie repose largement sur les ressources naturelles.
ENVIRO	自然资源	les sables bitumineux / l'oléoduc	n.m.	oil sands / pipeline	油砂/输油管道	加拿大能源争议核心	Les projets d'oléoduc suscitent une forte opposition.
ENVIRO	自然资源	l'hydroélectricité	n.f.	hydroelectricity	水力发电	魁北克能源支柱	Le Québec exporte son hydroélectricité.
ENVIRO	自然资源	l'exploitation minière	n.f.	mining	采矿业	加拿大资源经济	L'exploitation minière crée des emplois mais inquiète.
ENVIRO	自然资源	les milieux humides	n.m.pl.	wetlands	湿地	生态保护	Les milieux humides filtrent l'eau naturellement.
ENVIRO	社区行动	la corvée de nettoyage	n.f.	community cleanup	清洁行动	魁北克社区活动用词	Une corvée de nettoyage est organisée samedi.
ENVIRO	社区行动	le jardin communautaire	n.m.	community garden	社区花园	城市常见	Le jardin communautaire a une liste d'attente.
ENVIRO	社区行动	la plantation d'arbres	n.f.	tree planting	植树	市政倡议	La ville finance une plantation d'arbres.
ENVIRO	社区行动	le compostage domestique	n.m.	home composting	家庭堆肥	环保实践	Le compostage domestique réduit les déchets de moitié.
ENVIRO	社区行动	le zéro déchet	n.m.	zero waste	零废弃	生活方式运动	Le mouvement zéro déchet gagne du terrain.
ENVIRO	社区行动	l'économie circulaire	n.f.	circular economy	循环经济	政策高分词	L'économie circulaire limite le gaspillage des ressources.
ENVIRO	社区行动	l'obsolescence programmée	n.f.	planned obsolescence	计划性淘汰	消费议题高分词	L'obsolescence programmée pousse à la surconsommation.
ENVIRO	社区行动	la surconsommation	n.f.	overconsumption	过度消费	社会批判	La surconsommation est au cœur du problème.
ENVIRO	社区行动	s'engager à + 原形	v.	to commit to	承诺做	公益承诺	Les citoyens s'engagent à réduire leurs déchets.
ENVIRO	社区行动	un geste concret	n.m.	a concrete action	具体行动	议论结尾高分	Chaque geste concret compte.
NUMERIQUE	设备故障	planter / figer	v.	to crash / to freeze	崩溃/死机	加拿大法语用 figer，法国说 planter	Mon ordinateur fige sans arrêt.
NUMERIQUE	设备故障	la mise à jour	n.f.	update	更新	设备维护	La mise à jour prend vingt minutes.
NUMERIQUE	设备故障	la compatibilité	n.f.	compatibility	兼容性	软硬件问题	Le fichier pose un problème de compatibilité.
NUMERIQUE	设备故障	l'espace de stockage	n.m.	storage space	存储空间	常见问题	Je n'ai plus d'espace de stockage.
NUMERIQUE	设备故障	l'autonomie de la batterie	n.f.	battery life	电池续航	设备评价，注意用 autonomie	L'autonomie de la batterie est décevante.
NUMERIQUE	设备故障	le chargeur	n.m.	charger	充电器	日常物品	Peux-tu me prêter ton chargeur ?
NUMERIQUE	设备故障	la réinitialisation	n.f.	factory reset	恢复出厂设置	排障最后手段	Une réinitialisation effacera toutes vos données.
NUMERIQUE	设备故障	le dépannage informatique	n.m.	IT troubleshooting	技术支持	服务场景	Le service de dépannage informatique est ouvert jusqu'à 18 h.
NUMERIQUE	网络账户	le réseau sans fil / le wifi	n.m.	wireless network	无线网络	生活高频	Le réseau sans fil est instable ce soir.
NUMERIQUE	网络账户	la bande passante	n.f.	bandwidth	带宽	网络性能	Le visionnement en continu consomme beaucoup de bande passante.
NUMERIQUE	网络账户	l'authentification à deux facteurs	n.f.	two-factor authentication	双重验证	账户安全	Activez l'authentification à deux facteurs.
NUMERIQUE	网络账户	le code de vérification	n.m.	verification code	验证码	登录流程	Un code de vérification vous a été envoyé.
NUMERIQUE	网络账户	le compte suspendu	n.m.	suspended account	账户被冻结	客服场景	Mon compte a été suspendu sans explication.
NUMERIQUE	网络账户	se désabonner	v.	to unsubscribe	取消订阅	邮件与服务	Je me suis désabonné de leur infolettre.
NUMERIQUE	网络账户	l'infolettre	n.f.	newsletter	电子简讯	魁北克用词，避免英语 newsletter	Abonnez-vous à notre infolettre.
NUMERIQUE	网络账户	les conditions d'utilisation	n.f.pl.	terms of service	使用条款	平台规则	Les conditions d'utilisation ont été modifiées.
NUMERIQUE	网络账户	le visionnement en continu	n.m.	streaming	流媒体观看	魁北克用词，避免 streaming	Le visionnement en continu a remplacé le câble.
NUMERIQUE	数据隐私	les renseignements personnels	n.m.pl.	personal information	个人信息	加拿大隐私法标准表述	Les renseignements personnels doivent être protégés.
NUMERIQUE	数据隐私	le consentement	n.m.	consent	同意授权	隐私法核心	Le consentement doit être explicite.
NUMERIQUE	数据隐私	le chiffrement	n.m.	encryption	加密	安全技术，法语用 chiffrement	Les messages sont protégés par chiffrement.
NUMERIQUE	数据隐私	la surveillance	n.f.	surveillance	监控	社会议题	La surveillance au travail soulève des questions.
NUMERIQUE	数据隐私	l'algorithme	n.m.	algorithm	算法	AI 议题基础词	L'algorithme détermine ce que vous voyez.
NUMERIQUE	数据隐私	la publicité ciblée	n.f.	targeted advertising	定向广告	隐私议题	La publicité ciblée repose sur nos données.
NUMERIQUE	数据隐私	l'empreinte numérique	n.f.	digital footprint	数字足迹	隐私教育	Tout ce que vous publiez laisse une empreinte numérique.
NUMERIQUE	数据隐私	la fuite de données	n.f.	data breach	数据泄露	安全事件	Une fuite de données a touché des milliers de clients.
NUMERIQUE	媒体信息	le titre / la manchette	n.m./n.f.	headline	标题	媒体素养，manchette 是头条	La manchette était trompeuse.
NUMERIQUE	媒体信息	la source fiable	n.f.	reliable source	可信来源	信息判断	Vérifiez toujours si la source est fiable.
NUMERIQUE	媒体信息	la vérification des faits	n.f.	fact-checking	事实核查	媒体议题	La vérification des faits est devenue essentielle.
NUMERIQUE	媒体信息	le piège à clics	n.m.	clickbait	标题党	魁北克用词	Les pièges à clics exagèrent systématiquement.
NUMERIQUE	媒体信息	la chambre d'écho	n.f.	echo chamber	信息茧房	社交媒体议题高分词	Les réseaux sociaux créent des chambres d'écho.
NUMERIQUE	媒体信息	devenir viral	expr.	to go viral	病毒式传播	网络现象	La vidéo est devenue virale en une nuit.
NUMERIQUE	媒体信息	l'influenceur	n.m.	influencer	网红	现代媒体生态	Les marques collaborent avec des influenceurs.
NUMERIQUE	媒体信息	la modération de contenu	n.f.	content moderation	内容审核	平台治理	La modération de contenu est un défi technique.
NUMERIQUE	媒体信息	la liberté d'expression	n.f.	freedom of expression	表达自由	宪章权利	La liberté d'expression a des limites légales.
NUMERIQUE	AI与就业	l'apprentissage automatique	n.m.	machine learning	机器学习	法语正式术语	L'apprentissage automatique s'améliore avec les données.
NUMERIQUE	AI与就业	le robot conversationnel	n.m.	chatbot	聊天机器人	魁北克用词，避免 chatbot	Un robot conversationnel répond aux questions courantes.
NUMERIQUE	AI与就业	remplacer des emplois	expr.	to replace jobs	取代岗位	就业议题	L'automatisation pourrait remplacer certains emplois.
NUMERIQUE	AI与就业	la requalification	n.f.	reskilling	技能再培训	政策应对	La requalification des travailleurs devient urgente.
NUMERIQUE	AI与就业	la productivité	n.f.	productivity	生产率	经济议题	La technologie a augmenté la productivité.
NUMERIQUE	AI与就业	la littératie numérique	n.f.	digital literacy	数字素养	教育与就业	La littératie numérique est désormais une compétence de base.
NUMERIQUE	AI与就业	l'accès à Internet haute vitesse	n.m.	high-speed internet access	高速网络接入	加拿大农村基础设施议题	L'accès à Internet haute vitesse reste limité en région.
NUMERIQUE	AI与就业	les services gouvernementaux en ligne	n.m.pl.	e-government services	在线政务	公共服务数字化	Les services gouvernementaux en ligne réduisent les files d'attente.
NUMERIQUE	AI与就业	le sans-papier（无纸化）	adj.	paperless	无纸化的	常说 sans papier / numérique	Le bureau est passé au sans-papier l'an dernier.
NUMERIQUE	AI与就业	la cyberdépendance	n.f.	internet addiction	网络成瘾	健康与教育议题	La cyberdépendance chez les jeunes inquiète.
QUOTIDIEN	购物	le panier d'épicerie	n.m.	grocery basket / grocery bill	购物篮/食品开支	通胀议题高频表达	Le panier d'épicerie coûte 20 pour cent de plus.
QUOTIDIEN	购物	le chariot / le panier	n.m.	cart / basket	购物车/购物篮	超市场景	Prenez un chariot à l'entrée.
QUOTIDIEN	购物	la caisse libre-service	n.f.	self-checkout	自助结账	加拿大超市普遍	La caisse libre-service est plus rapide.
QUOTIDIEN	购物	faire la file / la queue	expr.	to queue	排队	加拿大说 faire la file	Il faut faire la file à l'entrée.
QUOTIDIEN	购物	l'emballage	n.m.	packaging	包装	环保议题	L'emballage excessif est un problème.
QUOTIDIEN	购物	le sac réutilisable	n.m.	reusable bag	环保袋	加拿大已禁塑料袋	N'oubliez pas vos sacs réutilisables.
QUOTIDIEN	购物	la garantie prolongée	n.f.	extended warranty	延长保修	销售常推销	La garantie prolongée n'en vaut pas toujours la peine.
QUOTIDIEN	餐饮	le menu du jour / le spécial du jour	n.m.	daily special	今日特餐	加拿大餐厅常说 spécial du jour	Quel est le spécial du jour ?
QUOTIDIEN	餐饮	la table pour deux	n.f.	table for two	双人桌	订位场景	Une table pour deux, s'il vous plaît.
QUOTIDIEN	餐饮	à emporter / sur place	loc.	takeout / eat in	外带/堂食	点餐必问	C'est pour emporter ou pour manger ici ?
QUOTIDIEN	餐饮	la livraison à domicile	n.f.	home delivery	送餐上门	现代消费	La livraison à domicile coûte cinq dollars.
QUOTIDIEN	餐饮	le pourboire de 15 pour cent	n.m.	15 percent tip	15% 小费	北美惯例，结账必备	Le pourboire de 15 pour cent est la norme.
QUOTIDIEN	餐饮	sans gluten / sans lactose	loc.	gluten-free / lactose-free	无麸质/无乳糖	饮食需求	Avez-vous des options sans gluten ?
QUOTIDIEN	餐饮	l'intolérance alimentaire	n.f.	food intolerance	食物不耐受	与 allergie 区分	Je souffre d'une intolérance au lactose.
QUOTIDIEN	餐饮	le produit local / de saison	n.m.	local / seasonal produce	本地/时令产品	环保饮食议题	Acheter des produits locaux réduit l'empreinte carbone.
QUOTIDIEN	天气	la prévision météorologique	n.f.	weather forecast	天气预报	CO 广播题高频	Selon les prévisions météorologiques, il neigera demain.
QUOTIDIEN	天气	l'avertissement de tempête	n.m.	storm warning	风暴预警	加拿大冬季广播固定用语	Un avertissement de tempête est en vigueur.
QUOTIDIEN	天气	moins vingt degrés	loc.	minus twenty degrees	零下二十度	加拿大冬季日常表达	Il fait moins vingt ce matin.
QUOTIDIEN	天气	la température ressentie	n.f.	feels-like temperature	体感温度	天气预报固定表达	La température ressentie est de moins trente.
QUOTIDIEN	天气	les précipitations	n.f.pl.	precipitation	降水	气象术语，永远复数	Des précipitations abondantes sont attendues.
QUOTIDIEN	天气	la pluie verglaçante	n.f.	freezing rain	冻雨	加拿大危险天气	La pluie verglaçante a causé des pannes de courant.
QUOTIDIEN	天气	la panne de courant	n.f.	power outage	停电	风暴后常见	Une panne de courant a touché 30 000 foyers.
QUOTIDIEN	天气	la canicule / la vague de froid	n.f.	heat wave / cold snap	热浪/寒潮	极端天气	Une vague de froid s'installe pour la semaine.
QUOTIDIEN	休闲	le passe-temps	n.m.	hobby	爱好	EO1 必问	Mon passe-temps préféré, c'est la lecture.
QUOTIDIEN	休闲	faire du patin / du ski	expr.	to skate / to ski	滑冰/滑雪	加拿大冬季活动	On fait du patin sur le canal en hiver.
QUOTIDIEN	休闲	la motoneige	n.f.	snowmobile	雪地摩托	加拿大冬季运动，特色词	La motoneige est très populaire au Québec.
QUOTIDIEN	休闲	le festival	n.m.	festival	节庆活动	魁北克文化生活核心	Le festival d'été attire des milliers de visiteurs.
QUOTIDIEN	休闲	la salle de spectacle	n.f.	performance venue	演出场馆	文化生活	La salle de spectacle est fermée pour rénovation.
QUOTIDIEN	休闲	le club de lecture	n.m.	book club	读书会	社区活动	Le club de lecture se réunit le mardi soir.
QUOTIDIEN	休闲	le centre sportif / l'aréna	n.m.	sports centre / arena	体育馆/冰球馆	加拿大 aréna 指冰球场	L'aréna du quartier offre des heures de patinage libre.
QUOTIDIEN	休闲	l'abonnement / s'abonner	n.m./v.	membership / to subscribe	会员/订阅	服务场景	L'abonnement annuel coûte 300 dollars.
QUOTIDIEN	休闲	l'inscription en ligne	n.f.	online registration	在线报名	活动流程	L'inscription en ligne ouvre le 15 août.
QUOTIDIEN	时间约定	la fin de semaine prochaine	loc.	next weekend	下周末	魁北克说法	On se voit la fin de semaine prochaine.
QUOTIDIEN	时间约定	en avant-midi / en après-midi	loc.	in the morning / afternoon	上午/下午	魁北克特有的 avant-midi	Je suis libre en avant-midi.
QUOTIDIEN	时间约定	à quelle heure	loc.	at what time	几点	约时间基础	À quelle heure vous convient le mieux ?
QUOTIDIEN	时间约定	dans une semaine / il y a une semaine	loc.	in a week / a week ago	一周后/一周前	时间方向易混	Je vous rappellerai dans une semaine.
QUOTIDIEN	时间约定	d'ici la fin du mois	loc.	by the end of the month	月底之前	期限表达	Je vous répondrai d'ici la fin du mois.
QUOTIDIEN	时间约定	dès que possible	loc.	as soon as possible	尽快	催促表达	Rappelez-moi dès que possible.
QUOTIDIEN	时间约定	à l'avance / d'avance	loc.	in advance	提前	预订场景	Il faut réserver deux semaines à l'avance.
QUOTIDIEN	时间约定	en semaine / le week-end	loc.	on weekdays / at the weekend	工作日/周末	魁北克更常说 la fin de semaine	Je travaille en semaine seulement.
QUOTIDIEN	时间约定	toutes les deux semaines	loc.	every two weeks	每两周	加拿大也说 aux deux semaines	La paie se fait aux deux semaines.
QUOTIDIEN	时间约定	à partir de maintenant	loc.	from now on	从现在起	变化通知	À partir de maintenant, tout se fait en ligne.
QUOTIDIEN	购物	le remboursement sans reçu	n.m.	refund without receipt	无收据退款	零售政策争议点	Le remboursement sans reçu est refusé ici.
